letra,x0,y0,x1,y1,x2,y2,x3,y3,x4,y4,x5,y5,x6,y6,x7,y7,x8,y8,x9,y9,x10,y10,x11,y11,x12,y12,x13,y13,x14,y14,x15,y15,x16,y16,x17,y17,x18,y18,x19,y19,x20,y20
A,0.10860578715801239,0.6954984068870544,0.17123772203922272,0.687798798084259,0.23012405633926392,0.6316180229187012,0.2561240792274475,0.5608763098716736,0.2762506902217865,0.5132002830505371,0.21581324934959412,0.5664591789245605,0.2232859879732132,0.5090741515159607,0.20262816548347473,0.5691158771514893,0.19961288571357727,0.590355634689331,0.17802174389362335,0.5536706447601318,0.18150870501995087,0.5053335428237915,0.1662227064371109,0.5762128233909607,0.17167216539382935,0.5825401544570923,0.14291676878929138,0.5447365045547485,0.14618375897407532,0.5032004714012146,0.1343902051448822,0.569682776927948,0.14218173921108246,0.5777684450149536,0.10814597457647324,0.5353935956954956,0.11028808355331421,0.5075129270553589,0.10499690473079681,0.5549916625022888,0.10805162042379379,0.568294882774353
A,0.10002671182155609,0.6519187688827515,0.16727270185947418,0.6580658555030823,0.2349032759666443,0.6114680171012878,0.26847702264785767,0.5475451350212097,0.29462602734565735,0.5087407827377319,0.22652432322502136,0.5458930134773254,0.2542867958545685,0.48859986662864685,0.22707721590995789,0.5477446913719177,0.21514928340911865,0.561648428440094,0.1886739730834961,0.5304657220840454,0.21053080260753632,0.4927060902118683,0.18480707705020905,0.5653420686721802,0.1820359081029892,0.561473548412323,0.15185460448265076,0.5197881460189819,0.1700536161661148,0.4904877543449402,0.1492728292942047,0.5616635084152222,0.14758095145225525,0.5600710511207581,0.11410350352525711,0.5064070224761963,0.13103169202804565,0.48770254850387573,0.12132451683282852,0.5385151505470276,0.11511972546577454,0.544672966003418
A,0.09796252846717834,0.7020898461341858,0.16264043748378754,0.6758615970611572,0.2081320881843567,0.5956979393959045,0.21350058913230896,0.5130982995033264,0.2254745066165924,0.46141257882118225,0.1747383326292038,0.5337775945663452,0.17814379930496216,0.4641560912132263,0.17401254177093506,0.5353883504867554,0.17009985446929932,0.5614395141601562,0.13510462641716003,0.540259063243866,0.13874465227127075,0.48838740587234497,0.14090286195278168,0.5708072185516357,0.13855919241905212,0.5781474709510803,0.09835235029459,0.5501051545143127,0.10159149765968323,0.5089888572692871,0.10690435767173767,0.587417721748352,0.10691164433956146,0.5945389270782471,0.05942462384700775,0.5606117248535156,0.06543338298797607,0.5276374816894531,0.07439553737640381,0.5813007354736328,0.0730564147233963,0.597011148929596
A,0.08116648346185684,0.7075986266136169,0.14553001523017883,0.6923357844352722,0.19913655519485474,0.6140729784965515,0.2070450335741043,0.5278137922286987,0.21732467412948608,0.4702034294605255,0.16112524271011353,0.5397484302520752,0.16389724612236023,0.4808517396450043,0.15911953151226044,0.5515098571777344,0.15491390228271484,0.5761262774467468,0.12068700045347214,0.5410590767860413,0.12309875339269638,0.49899882078170776,0.12550128996372223,0.5817352533340454,0.12460321187973022,0.5875409841537476,0.08330456912517548,0.5473395586013794,0.0855184942483902,0.5182801485061646,0.09195863455533981,0.597108781337738,0.09439343959093094,0.6011873483657837,0.04461049288511276,0.555835485458374,0.05178186297416687,0.5351685881614685,0.060941554605960846,0.5911171436309814,0.06142488121986389,0.6033879518508911
A,0.1816982626914978,0.7486644983291626,0.2510252296924591,0.747101366519928,0.31285062432289124,0.6775957345962524,0.3398277759552002,0.6035263538360596,0.36335816979408264,0.5574468374252319,0.2928067147731781,0.5974289178848267,0.32397690415382385,0.5491488575935364,0.30518653988838196,0.6194969415664673,0.29019680619239807,0.6353514194488525,0.2565378248691559,0.586856484413147,0.2850547134876251,0.5555146932601929,0.26583290100097656,0.6369561553001404,0.2538643181324005,0.6365362405776978,0.22014373540878296,0.5833559036254883,0.24626173079013824,0.5619288682937622,0.23068276047706604,0.639997661113739,0.21973243355751038,0.6397477388381958,0.18104298412799835,0.5828639268875122,0.20942442119121552,0.5678625702857971,0.20287393033504486,0.6224138140678406,0.18949273228645325,0.6286656856536865
A,0.14852416515350342,0.7500872611999512,0.21448978781700134,0.748397171497345,0.27012965083122253,0.6787310838699341,0.2959801256656647,0.6087173819541931,0.3187870979309082,0.5664531588554382,0.25374695658683777,0.6090099811553955,0.2797553539276123,0.5558921694755554,0.2628879249095917,0.6212455034255981,0.24871549010276794,0.6408675312995911,0.21834687888622284,0.5994420647621155,0.24098384380340576,0.5640268325805664,0.22361405193805695,0.6420948505401611,0.21296079456806183,0.6440436244010925,0.18116341531276703,0.5963985323905945,0.20234401524066925,0.5694526433944702,0.1888214498758316,0.6457253098487854,0.1800944209098816,0.6477950215339661,0.1413877308368683,0.5949351787567139,0.16334645450115204,0.5772600769996643,0.15896166861057281,0.6301403641700745,0.1489713191986084,0.6374425292015076
A,0.11754085123538971,0.6727150678634644,0.17382162809371948,0.6984663605690002,0.24865669012069702,0.6548944711685181,0.28644508123397827,0.5811322927474976,0.3183509111404419,0.5417912006378174,0.24624761939048767,0.5715953707695007,0.2618364989757538,0.5234892964363098,0.2314155101776123,0.5831896066665649,0.22538475692272186,0.6004669070243835,0.21191629767417908,0.5481984615325928,0.22072206437587738,0.5114478468894958,0.19411183893680573,0.5838137865066528,0.1971755176782608,0.5884296298027039,0.1787758618593216,0.5291864275932312,0.18349076807498932,0.5006887316703796,0.16156120598316193,0.5721840858459473,0.16858789324760437,0.5782833695411682,0.14569240808486938,0.5101527571678162,0.15210817754268646,0.4949151575565338,0.13705036044120789,0.5485332608222961,0.1360897719860077,0.5586479306221008
A,0.10481728613376617,0.43847522139549255,0.16844671964645386,0.4186021089553833,0.21313324570655823,0.34261462092399597,0.219669908285141,0.2554800808429718,0.2285841703414917,0.1944066882133484,0.18565455079078674,0.2615215480327606,0.1791275143623352,0.19492964446544647,0.17424118518829346,0.259584903717041,0.17416557669639587,0.29438090324401855,0.1450374871492386,0.2635272145271301,0.13628603518009186,0.20830193161964417,0.13844715058803558,0.29129618406295776,0.1455281376838684,0.3077884018421173,0.1071736142039299,0.26953455805778503,0.09823328256607056,0.22517216205596924,0.10392072796821594,0.30399972200393677,0.1130799725651741,0.3213764429092407,0.0678367018699646,0.27812498807907104,0.06506416946649551,0.24051444232463837,0.07254700362682343,0.2957713305950165,0.07896222174167633,0.31818535923957825
A,0.09075804054737091,0.4368654191493988,0.13675488531589508,0.42294982075691223,0.1688651442527771,0.35997965931892395,0.17060218751430511,0.2986079156398773,0.1745871603488922,0.2578490972518921,0.14089298248291016,0.30886274576187134,0.1369955986738205,0.26461440324783325,0.1373412162065506,0.31281593441963196,0.13744932413101196,0.33604443073272705,0.11256519705057144,0.31336700916290283,0.10800717025995255,0.28291356563568115,0.11459507048130035,0.34024062752723694,0.11702398955821991,0.3503909111022949,0.08666402101516724,0.32233384251594543,0.08223575353622437,0.29919275641441345,0.0920659601688385,0.3539201617240906,0.09666892886161804,0.3632000982761383,0.05992083624005318,0.33379536867141724,0.0598459355533123,0.314407616853714,0.06957028806209564,0.35486841201782227,0.07309854030609131,0.3680393099784851
A,0.17553403973579407,0.45714348554611206,0.23424775898456573,0.45602262020111084,0.28775274753570557,0.3951425850391388,0.30416643619537354,0.32769498229026794,0.3196087181568146,0.28602951765060425,0.26292434334754944,0.3304561972618103,0.2812187969684601,0.28885453939437866,0.2687576711177826,0.3510141670703888,0.259165495634079,0.3650193512439728,0.22899039089679718,0.32255643606185913,0.2458895444869995,0.2978777587413788,0.2352941930294037,0.36983001232147217,0.2275364249944687,0.369390606880188,0.19625726342201233,0.3206893503665924,0.21142329275608063,0.3017750084400177,0.20496167242527008,0.37133485078811646,0.19940051436424255,0.37522611021995544,0.16137591004371643,0.3191194534301758,0.17708978056907654,0.30557745695114136,0.1773269772529602,0.3552108108997345,0.17164045572280884,0.3649348318576813
A,0.16512079536914825,0.4937479794025421,0.22184313833713531,0.48404812812805176,0.2704628109931946,0.42996838688850403,0.2938106656074524,0.3755902945995331,0.3135741353034973,0.33524712920188904,0.2525433301925659,0.32720980048179626,0.272128701210022,0.356462299823761,0.2577396333217621,0.4095565974712372,0.24363896250724792,0.4219237267971039,0.2158900946378708,0.311297744512558,0.23153212666511536,0.36683276295661926,0.220835879445076,0.4218153655529022,0.21091406047344208,0.42664095759391785,0.1794949769973755,0.3161783218383789,0.19443757832050323,0.37886756658554077,0.18984772264957428,0.4263930022716522,0.18463902175426483,0.4278888404369354,0.14575301110744476,0.331826388835907,0.16051453351974487,0.3819081783294678,0.16136488318443298,0.41915297508239746,0.15810248255729675,0.4217638075351715
A,0.10856108367443085,0.47455695271492004,0.1698155254125595,0.4776049852371216,0.22360357642173767,0.41837313771247864,0.24081940948963165,0.34404173493385315,0.2537846863269806,0.2976163625717163,0.20305749773979187,0.3506201505661011,0.213059663772583,0.28981801867485046,0.20198997855186462,0.34765633940696716,0.19635669887065887,0.37440890073776245,0.16777336597442627,0.34351420402526855,0.17564083635807037,0.29660362005233765,0.16731595993041992,0.36761534214019775,0.16532699763774872,0.379136860370636,0.13342037796974182,0.3414781391620636,0.14040079712867737,0.30196985602378845,0.1348244994878769,0.37244290113449097,0.13347746431827545,0.38573721051216125,0.09592869132757187,0.34043994545936584,0.10556235909461975,0.3097876012325287,0.10552956163883209,0.35917961597442627,0.102226123213768,0.3750283718109131
A,0.06405554711818695,0.5866038799285889,0.12927867472171783,0.5857070684432983,0.19465982913970947,0.5164536237716675,0.21413330733776093,0.4345296621322632,0.2324758917093277,0.381643146276474,0.1708967387676239,0.4383445680141449,0.18413187563419342,0.37997403740882874,0.16981886327266693,0.4529203176498413,0.16345906257629395,0.47408831119537354,0.13078971207141876,0.4287956953048706,0.14172117412090302,0.39010316133499146,0.130992591381073,0.4746101498603821,0.12880374491214752,0.4774934649467468,0.09278015792369843,0.42612746357917786,0.10185374319553375,0.3980943560600281,0.09407433867454529,0.47993332147598267,0.09450706839561462,0.4849080741405487,0.05344938486814499,0.42510491609573364,0.06492482870817184,0.4050925374031067,0.06252950429916382,0.46515747904777527,0.059262894093990326,0.4780188500881195
A,0.0798800066113472,0.5387620329856873,0.12642966210842133,0.5369643568992615,0.16686707735061646,0.4944509267807007,0.17997224628925323,0.4426126778125763,0.1905805617570877,0.4095951020717621,0.15120749175548553,0.4448748230934143,0.1650162935256958,0.406239777803421,0.15411382913589478,0.4515027105808258,0.1467272937297821,0.464872270822525,0.12580107152462006,0.43928414583206177,0.13720303773880005,0.4112601578235626,0.12828925251960754,0.46374014019966125,0.12356767058372498,0.465020090341568,0.10106905549764633,0.43785351514816284,0.11175671219825745,0.4158862829208374,0.10493067651987076,0.4666127860546112,0.10081442445516586,0.4683181047439575,0.07418206334114075,0.4367111623287201,0.08536280691623688,0.4200561046600342,0.08402852714061737,0.4553085267543793,0.07879896461963654,0.4619988203048706
A,0.28036752343177795,0.6655631065368652,0.4095534384250641,0.6351705193519592,0.5072867274284363,0.499441921710968,0.5541670322418213,0.3710422217845917,0.5970161557197571,0.2841322422027588,0.4717916250228882,0.35779616236686707,0.5219061374664307,0.25780731439590454,0.4966520071029663,0.38643983006477356,0.4707716703414917,0.421042263507843,0.40340399742126465,0.34812131524086,0.4512392282485962,0.27737531065940857,0.42241886258125305,0.4347953200340271,0.398677796125412,0.43676501512527466,0.33348795771598816,0.3471521735191345,0.37577828764915466,0.2974052429199219,0.3509244918823242,0.4503675103187561,0.3309614956378937,0.4472053050994873,0.2582242488861084,0.345777690410614,0.3037668466567993,0.31057995557785034,0.29814162850379944,0.41467759013175964,0.27584466338157654,0.4256737232208252
A,0.23974400758743286,0.6419415473937988,0.3560417890548706,0.5978344678878784,0.4254159927368164,0.46239614486694336,0.4506455063819885,0.3372892141342163,0.48086458444595337,0.2491176426410675,0.3796326518058777,0.3372443914413452,0.4194866418838501,0.23671676218509674,0.4123368561267853,0.35836365818977356,0.3918799161911011,0.40049678087234497,0.3172890245914459,0.34002605080604553,0.35912004113197327,0.27028733491897583,0.3484113812446594,0.4170572757720947,0.3264256715774536,0.42179620265960693,0.25564074516296387,0.3486379086971283,0.2958107888698578,0.297870934009552,0.28545302152633667,0.4379996955394745,0.26581406593322754,0.4337894916534424,0.19070950150489807,0.3580770492553711,0.2369442880153656,0.31560999155044556,0.23872160911560059,0.4120291471481323,0.21589654684066772,0.42623546719551086
A,0.39744311571121216,0.5474698543548584,0.46848249435424805,0.5682536959648132,0.5504781007766724,0.5020601153373718,0.5907809734344482,0.41060030460357666,0.62516188621521,0.3586055338382721,0.5447028875350952,0.40787509083747864,0.5711913704872131,0.33817964792251587,0.538519561290741,0.41600149869918823,0.5268474817276001,0.44120702147483826,0.5017461180686951,0.3869051933288574,0.5194878578186035,0.33262163400650024,0.489629864692688,0.427854061126709,0.48902079463005066,0.43454211950302124,0.46002471446990967,0.37137407064437866,0.47509264945983887,0.3318082094192505,0.44977933168411255,0.4222208559513092,0.4513363838195801,0.42901626229286194,0.41768330335617065,0.35462138056755066,0.4341091513633728,0.3271554708480835,0.42001184821128845,0.3918709456920624,0.41507434844970703,0.4057115316390991
A,0.37507545948028564,0.5564584732055664,0.43352365493774414,0.6186209917068481,0.5314890742301941,0.5906885862350464,0.5911087989807129,0.5228770971298218,0.6293466091156006,0.4860416054725647,0.5451079607009888,0.49906134605407715,0.5875064134597778,0.4535863995552063,0.5386337041854858,0.5103928446769714,0.5196110606193542,0.5257686972618103,0.5071514248847961,0.4597005546092987,0.5425102710723877,0.4286784529685974,0.48904797434806824,0.5028979778289795,0.48068687319755554,0.503483772277832,0.4700624346733093,0.42616352438926697,0.4984038770198822,0.4020572900772095,0.4507284164428711,0.4760611653327942,0.4450446367263794,0.4779774248600006,0.43329519033432007,0.3892372250556946,0.45929592847824097,0.37440401315689087,0.42873436212539673,0.43078067898750305,0.41765761375427246,0.43707022070884705
A,0.3321908116340637,0.7335449457168579,0.41094374656677246,0.7097113728523254,0.4623578190803528,0.619228184223175,0.47800540924072266,0.5291957855224609,0.4936648905277252,0.46810662746429443,0.42820870876312256,0.5365786552429199,0.4583311080932617,0.47321340441703796,0.449030339717865,0.5529212951660156,0.4335709512233734,0.571814239025116,0.3887445032596588,0.5357553362846375,0.4198698401451111,0.4853164553642273,0.407168447971344,0.5830224752426147,0.3908216953277588,0.5845105051994324,0.3488612174987793,0.5387775897979736,0.37849363684654236,0.5012942552566528,0.36615628004074097,0.5949709415435791,0.3492221534252167,0.5942027568817139,0.3050934970378876,0.5427969098091125,0.3377026617527008,0.5105209946632385,0.33587485551834106,0.5745392441749573,0.31827619671821594,0.584810733795166
A,0.046692147850990295,0.4286804497241974,0.1159733235836029,0.4461231231689453,0.19631712138652802,0.3996365964412689,0.23660287261009216,0.3246192932128906,0.26647454500198364,0.27509239315986633,0.19612577557563782,0.30533093214035034,0.22573284804821014,0.24916674196720123,0.19178840517997742,0.312978595495224,0.18024428188800812,0.3258824050426483,0.15582172572612762,0.2828528583049774,0.1807243824005127,0.23930083215236664,0.14745472371578217,0.3187985420227051,0.1456194967031479,0.3151675760746002,0.11665592342615128,0.26420217752456665,0.13533860445022583,0.23047885298728943,0.10621192306280136,0.30884599685668945,0.10789155960083008,0.3064914047718048,0.07687710970640182,0.24485468864440918,0.09424665570259094,0.22204020619392395,0.07731717824935913,0.278642475605011,0.07170408964157104,0.28566449880599976
A,0.3524474501609802,0.5902444124221802,0.41684404015541077,0.5876637101173401,0.4685617685317993,0.523573100566864,0.4913572371006012,0.45146358013153076,0.5121203660964966,0.40709736943244934,0.45148056745529175,0.4495196044445038,0.4777408540248871,0.3940008282661438,0.4650129973888397,0.4560571610927582,0.45159393548965454,0.476295530796051,0.4191524386405945,0.4429350197315216,0.4441167712211609,0.4012400805950165,0.4294165074825287,0.4782545268535614,0.417679101228714,0.4835887849330902,0.38627713918685913,0.4413010776042938,0.408767968416214,0.4129302203655243,0.39608582854270935,0.4884028136730194,0.3856625258922577,0.49128207564353943,0.3498261868953705,0.44173765182495117,0.37567174434661865,0.41970816254615784,0.37161388993263245,0.47149279713630676,0.3595067858695984,0.47969943284988403
A,0.20871129631996155,0.5823177695274353,0.2643141448497772,0.5914111733436584,0.3248063027858734,0.5370576977729797,0.35101985931396484,0.4615924656391144,0.3749869465827942,0.41543424129486084,0.31988003849983215,0.4615432322025299,0.33363765478134155,0.4046916961669922,0.31207290291786194,0.4645546078681946,0.304934561252594,0.4839089512825012,0.28398793935775757,0.449398010969162,0.29357457160949707,0.4024938941001892,0.275650292634964,0.47622939944267273,0.2749280035495758,0.48333361744880676,0.25011005997657776,0.4411962330341339,0.2567752003669739,0.4053386151790619,0.24339450895786285,0.4771875739097595,0.24628859758377075,0.48477765917778015,0.21572765707969666,0.43266552686691284,0.22395679354667664,0.40836718678474426,0.21734541654586792,0.45952108502388,0.21585604548454285,0.4714545011520386
A,0.2905978560447693,0.5195111632347107,0.33486124873161316,0.5726247429847717,0.39862126111984253,0.5826163291931152,0.44751453399658203,0.5477167963981628,0.4833337068557739,0.5377809405326843,0.42582252621650696,0.5149217844009399,0.4681587517261505,0.4958861172199249,0.42891713976860046,0.5255540013313293,0.4057255685329437,0.5311514735221863,0.4111919403076172,0.47848954796791077,0.4496414363384247,0.46427667140960693,0.40357357263565063,0.5027657151222229,0.3858819007873535,0.5014716386795044,0.3923896253108978,0.4462859332561493,0.43162938952445984,0.4329586923122406,0.3878294825553894,0.47308945655822754,0.36991992592811584,0.4742428958415985,0.36784541606903076,0.41089585423469543,0.4017125964164734,0.40865617990493774,0.37456703186035156,0.440479576587677,0.3585350811481476,0.4427962899208069
A,0.1493881493806839,0.521889328956604,0.21065302193164825,0.5079368948936462,0.25519901514053345,0.4405194818973541,0.2623681426048279,0.36338645219802856,0.27502933144569397,0.31514647603034973,0.22919823229312897,0.3721575438976288,0.23094740509986877,0.31138789653778076,0.2248343527317047,0.37198519706726074,0.22245076298713684,0.39932575821876526,0.1937355101108551,0.3687931299209595,0.1948508769273758,0.3169584572315216,0.1929115355014801,0.3906272351741791,0.19362977147102356,0.4040314853191376,0.1598566472530365,0.37197253108024597,0.16053903102874756,0.3233095407485962,0.16152499616146088,0.3940823972225189,0.16383999586105347,0.41018813848495483,0.12334936112165451,0.37844565510749817,0.12565259635448456,0.34078240394592285,0.13022512197494507,0.389195054769516,0.13137418031692505,0.4078207015991211
A,0.44501376152038574,0.29467037320137024,0.4867345690727234,0.27966001629829407,0.515457034111023,0.23036310076713562,0.525971531867981,0.1799081414937973,0.5379210114479065,0.14676950871944427,0.5027266144752502,0.1812523901462555,0.5066768527030945,0.1463523805141449,0.5018742680549622,0.19134806096553802,0.4982717037200928,0.20590944588184357,0.47938692569732666,0.17860370874404907,0.48259276151657104,0.15165036916732788,0.4798104465007782,0.2024204134941101,0.47750169038772583,0.20467321574687958,0.45537129044532776,0.1812961995601654,0.4591241478919983,0.15869249403476715,0.458301305770874,0.20532555878162384,0.4572749733924866,0.2072671502828598,0.4301498830318451,0.18600042164325714,0.4352491497993469,0.16894648969173431,0.4382207691669464,0.2004701942205429,0.436649352312088,0.2073717713356018
A,0.36264941096305847,0.5649616718292236,0.4595772325992584,0.5266342163085938,0.5485455989837646,0.39191365242004395,0.5870348811149597,0.2570522427558899,0.617894172668457,0.157325878739357,0.5143558979034424,0.25724709033966064,0.5348648428916931,0.14037683606147766,0.5239146947860718,0.2611149847507477,0.5120411515235901,0.30360060930252075,0.44794511795043945,0.2639099955558777,0.46286559104919434,0.20154285430908203,0.45566242933273315,0.3513028621673584,0.4527033865451813,0.3373801112174988,0.3843331038951874,0.2740379571914673,0.39574748277664185,0.23162290453910828,0.39567530155181885,0.36902523040771484,0.3980022072792053,0.3547666072845459,0.31837546825408936,0.28092148900032043,0.33043137192726135,0.25694674253463745,0.3404977321624756,0.35333681106567383,0.33854660391807556,0.36295780539512634
A,0.46044954657554626,0.5425410866737366,0.5205209851264954,0.5390397310256958,0.5703319907188416,0.4762939214706421,0.5901467800140381,0.4045122265815735,0.6138572692871094,0.3653734028339386,0.5544655919075012,0.40439102053642273,0.5770841836929321,0.34918153285980225,0.5640360116958618,0.41605687141418457,0.5528834462165833,0.43584856390953064,0.5233394503593445,0.39695289731025696,0.5447613596916199,0.35566431283950806,0.5314030647277832,0.4322543740272522,0.521674394607544,0.43497270345687866,0.49168846011161804,0.39418238401412964,0.510880172252655,0.36118876934051514,0.4997825622558594,0.4347846508026123,0.491425484418869,0.4364672303199768,0.4563482403755188,0.39314132928848267,0.47828251123428345,0.3673039376735687,0.4748113751411438,0.4187341034412384,0.46352022886276245,0.42791178822517395
A,0.4806860685348511,0.5632432699203491,0.5387181043624878,0.5458023548126221,0.5758059620857239,0.4817691445350647,0.5919888019561768,0.4218020737171173,0.6093895435333252,0.3821774125099182,0.5513113141059875,0.41434839367866516,0.5778645277023315,0.37293726205825806,0.571520984172821,0.43370282649993896,0.558746874332428,0.4489540457725525,0.5242693424224854,0.4105866551399231,0.552328884601593,0.38201308250427246,0.5428285598754883,0.4545062482357025,0.5276932120323181,0.45717665553092957,0.4960119128227234,0.41119062900543213,0.5246151685714722,0.38855376839637756,0.5162283182144165,0.45795658230781555,0.49989381432533264,0.4605403244495392,0.46309512853622437,0.414154589176178,0.4950467348098755,0.39594003558158875,0.49423831701278687,0.4438144862651825,0.4783264398574829,0.4520419239997864
A,0.4703454077243805,0.45061737298965454,0.5085686445236206,0.46309351921081543,0.5604300498962402,0.4139333963394165,0.5809409022331238,0.33779117465019226,0.5967050790786743,0.2885136306285858,0.5694640874862671,0.33547985553741455,0.5630791783332825,0.2792789340019226,0.5448430776596069,0.3310490846633911,0.5455922484397888,0.35799428820610046,0.540184736251831,0.3225274085998535,0.5334126353263855,0.28023195266723633,0.5209956169128418,0.3480251431465149,0.5289397835731506,0.36175066232681274,0.5119718313217163,0.3163885176181793,0.5004076361656189,0.2877157926559448,0.4923494756221771,0.35144591331481934,0.5031114220619202,0.36358314752578735,0.4818326532840729,0.31079623103141785,0.47367435693740845,0.29210031032562256,0.4706953465938568,0.341959685087204,0.47939273715019226,0.3578053116798401
A,0.32625916600227356,0.43998047709465027,0.3891059160232544,0.43380147218704224,0.4432566165924072,0.3582923710346222,0.4585247337818146,0.27011048793792725,0.4803166687488556,0.21381230652332306,0.426074743270874,0.27475813031196594,0.4294562339782715,0.20333558320999146,0.41714122891426086,0.2782042622566223,0.4122065007686615,0.31631290912628174,0.38597843050956726,0.26961833238601685,0.386596143245697,0.21907088160514832,0.37865591049194336,0.3064161241054535,0.3808954060077667,0.32098618149757385,0.3477705717086792,0.2689058780670166,0.3467569947242737,0.22827327251434326,0.34350961446762085,0.3105304539203644,0.3496204614639282,0.32449179887771606,0.30897778272628784,0.26980188488960266,0.31248047947883606,0.24007762968540192,0.31349095702171326,0.29961472749710083,0.31541287899017334,0.31881001591682434
B,0.16283904016017914,0.7073123455047607,0.21540029346942902,0.6777362823486328,0.24470359086990356,0.6069163680076599,0.21656186878681183,0.5367529392242432,0.1759035587310791,0.5078462362289429,0.2673594057559967,0.5165753960609436,0.2843063175678253,0.4277425706386566,0.28916487097740173,0.37080714106559753,0.2920144498348236,0.3183700144290924,0.2333166003227234,0.49594372510910034,0.2522932291030884,0.40059894323349,0.26247841119766235,0.33767497539520264,0.2708529829978943,0.28366416692733765,0.19804567098617554,0.4959166944026947,0.2133895456790924,0.4060629904270172,0.2272522747516632,0.34785783290863037,0.2373785674571991,0.29983943700790405,0.1607055366039276,0.5094587802886963,0.17256760597229004,0.4410090446472168,0.18389283120632172,0.3971771001815796,0.19488662481307983,0.35899829864501953
B,0.15210895240306854,0.7379710674285889,0.20405443012714386,0.6932297348976135,0.2211957573890686,0.6056082844734192,0.18035782873630524,0.5377225279808044,0.1331317126750946,0.525508463382721,0.23274344205856323,0.5121471285820007,0.23760172724723816,0.4192596673965454,0.23455440998077393,0.36140960454940796,0.230143204331398,0.30897438526153564,0.1968194544315338,0.4996455907821655,0.20338930189609528,0.399427592754364,0.20612016320228577,0.3337588310241699,0.20748218894004822,0.2787629961967468,0.16261586546897888,0.5081616044044495,0.1656237691640854,0.413763165473938,0.1723785102367401,0.3528575599193573,0.17582739889621735,0.3040165901184082,0.12892378866672516,0.5312232971191406,0.13135679066181183,0.4586685299873352,0.13621638715267181,0.4115349054336548,0.14085185527801514,0.37098509073257446
B,0.2750576436519623,0.6837476491928101,0.3292165994644165,0.6479939222335815,0.3669748604297638,0.5731396079063416,0.3438999056816101,0.5051939487457275,0.30343401432037354,0.4805290102958679,0.3667634129524231,0.474094957113266,0.37810105085372925,0.3878023326396942,0.3795264959335327,0.33378177881240845,0.3791298568248749,0.28392064571380615,0.33224520087242126,0.4580935835838318,0.34572693705558777,0.36241409182548523,0.3520316779613495,0.29889529943466187,0.35646143555641174,0.24382367730140686,0.29956331849098206,0.46284615993499756,0.3109271228313446,0.3725525736808777,0.32070377469062805,0.3149690628051758,0.32794809341430664,0.2659217417240143,0.26438188552856445,0.48190784454345703,0.2728823125362396,0.4141863286495209,0.2831904888153076,0.37011128664016724,0.29334068298339844,0.3300815224647522
B,0.1127716675400734,0.8966788053512573,0.20765374600887299,0.8359773755073547,0.28435346484184265,0.7190262079238892,0.22773270308971405,0.6009520292282104,0.14680269360542297,0.5726479291915894,0.30695369839668274,0.5397387146949768,0.3373492956161499,0.38737717270851135,0.34834861755371094,0.2915409803390503,0.35650137066841125,0.2022639811038971,0.24506241083145142,0.504707932472229,0.28101927042007446,0.3397836685180664,0.30047956109046936,0.22438892722129822,0.31657594442367554,0.12250447273254395,0.1832108199596405,0.5072205066680908,0.21524441242218018,0.34812095761299133,0.23996102809906006,0.2454099953174591,0.26090532541275024,0.1552845537662506,0.11396568268537521,0.5359273552894592,0.1402980089187622,0.41799527406692505,0.16335731744766235,0.3406727910041809,0.18675611913204193,0.2681145668029785
B,0.24868449568748474,0.676697313785553,0.3244147300720215,0.6884355545043945,0.40484899282455444,0.6397557258605957,0.40536338090896606,0.5369256138801575,0.36747342348098755,0.47101688385009766,0.4721679389476776,0.5313706398010254,0.5328387022018433,0.4472801685333252,0.5665956139564514,0.39074912667274475,0.5954253673553467,0.33632993698120117,0.4428841471672058,0.48216256499290466,0.5127675533294678,0.39309218525886536,0.558502197265625,0.33033478260040283,0.5969280004501343,0.2749685049057007,0.40206053853034973,0.45659834146499634,0.4666675925254822,0.36864227056503296,0.5117748975753784,0.31466880440711975,0.5491087436676025,0.2670722007751465,0.34978094696998596,0.443325936794281,0.40043216943740845,0.3785169720649719,0.43699008226394653,0.3384566009044647,0.4719083905220032,0.30103522539138794
B,0.32684335112571716,0.6347000598907471,0.391051322221756,0.6647082567214966,0.4749540090560913,0.633974015712738,0.49299734830856323,0.5390751361846924,0.45874983072280884,0.47535592317581177,0.5389143228530884,0.545290470123291,0.6042319536209106,0.48561856150627136,0.6415382623672485,0.4426213502883911,0.6730033159255981,0.4002576768398285,0.5203361511230469,0.4973183870315552,0.5919479131698608,0.4335733950138092,0.6390529870986938,0.38741397857666016,0.678494930267334,0.34470200538635254,0.4884680509567261,0.46790531277656555,0.5564432144165039,0.4033961296081543,0.601287841796875,0.3666537404060364,0.6372895240783691,0.3309239149093628,0.44572827219963074,0.44622737169265747,0.4976179599761963,0.4000427722930908,0.5329582691192627,0.371066689491272,0.5652331709861755,0.34164825081825256
B,0.1362456977367401,0.7189551591873169,0.20604632794857025,0.6731933951377869,0.25549209117889404,0.5852567553520203,0.2368120402097702,0.5008261203765869,0.18541140854358673,0.47627905011177063,0.24310071766376495,0.4547148644924164,0.2571483850479126,0.3491588830947876,0.2587103545665741,0.28107547760009766,0.25713875889778137,0.2167443037033081,0.20051030814647675,0.4367501735687256,0.21751993894577026,0.31876853108406067,0.224761962890625,0.23788945376873016,0.2288804054260254,0.16762319207191467,0.15846499800682068,0.444486141204834,0.17360682785511017,0.3315954804420471,0.18599237501621246,0.2580837607383728,0.19567373394966125,0.19497278332710266,0.11223092675209045,0.4704202711582184,0.12302153557538986,0.38499513268470764,0.13664840161800385,0.3305421769618988,0.1497625857591629,0.2826053500175476
B,0.2018076777458191,0.6940494775772095,0.2412736564874649,0.6709792613983154,0.2722230851650238,0.6257423162460327,0.2618221342563629,0.575709879398346,0.23313778638839722,0.5551760196685791,0.27157312631607056,0.5495268106460571,0.2805038094520569,0.48683175444602966,0.28151223063468933,0.44639337062835693,0.28202539682388306,0.40976834297180176,0.24595369398593903,0.5372026562690735,0.25562694668769836,0.4677327871322632,0.2604942321777344,0.4212786555290222,0.2649731934070587,0.38195568323135376,0.2213733196258545,0.5396573543548584,0.23077210783958435,0.47461727261543274,0.23829153180122375,0.4321327805519104,0.244900643825531,0.39607393741607666,0.19464533030986786,0.552460253238678,0.20154163241386414,0.5044220089912415,0.20913754403591156,0.47230029106140137,0.2167699784040451,0.4433687627315521
B,0.3246608078479767,0.4973962903022766,0.3603992462158203,0.47502362728118896,0.383551687002182,0.43167445063591003,0.36705976724624634,0.39088907837867737,0.3413355052471161,0.37266117334365845,0.38158130645751953,0.36338818073272705,0.3870064616203308,0.30471575260162354,0.388187974691391,0.2676045596599579,0.38856080174446106,0.2335020899772644,0.35922175645828247,0.35321545600891113,0.36617663502693176,0.2897208034992218,0.3691052794456482,0.24619939923286438,0.37188205122947693,0.20788566768169403,0.3379383087158203,0.3562625050544739,0.3451370894908905,0.2960287928581238,0.3503739833831787,0.2571176290512085,0.355181485414505,0.22359654307365417,0.31463804841041565,0.36932373046875,0.3186236619949341,0.32513493299484253,0.32429125905036926,0.295790433883667,0.33058470487594604,0.2690678834915161
B,0.2666465640068054,0.6411224007606506,0.33271491527557373,0.6159312129020691,0.38536548614501953,0.5396562218666077,0.3646778464317322,0.4558105766773224,0.3212849199771881,0.41824713349342346,0.3950003385543823,0.4154970049858093,0.41535434126853943,0.3125281035900116,0.4228282570838928,0.2452167570590973,0.4271179437637329,0.18458983302116394,0.35640111565589905,0.39053457975387573,0.3812989592552185,0.27827125787734985,0.394026517868042,0.20051366090774536,0.40361031889915466,0.1346803605556488,0.31762808561325073,0.39022475481033325,0.340421199798584,0.2841563820838928,0.3559320867061615,0.21579037606716156,0.3681694567203522,0.158735990524292,0.2734833061695099,0.4068213403224945,0.2887219488620758,0.3291579484939575,0.30387625098228455,0.2782384157180786,0.3186455965042114,0.2324569821357727
B,0.2329641580581665,0.9206616878509521,0.32266485691070557,0.85695481300354,0.39651843905448914,0.7265645861625671,0.34636664390563965,0.6084997057914734,0.2674405872821808,0.5786731839179993,0.39701396226882935,0.5232532620429993,0.4166085124015808,0.3608606457710266,0.4198239743709564,0.2565610706806183,0.42089220881462097,0.16186636686325073,0.33342599868774414,0.49410706758499146,0.357406347990036,0.31666719913482666,0.3681454062461853,0.1956600546836853,0.37624695897102356,0.09170722961425781,0.2730913460254669,0.5049935579299927,0.29157623648643494,0.3372175991535187,0.3087467551231384,0.2256927490234375,0.3228444755077362,0.13148874044418335,0.20760953426361084,0.5457086563110352,0.22103846073150635,0.41945478320121765,0.2382248044013977,0.3351309895515442,0.2567734122276306,0.25759100914001465
B,0.5512580275535583,0.6640303730964661,0.6239845752716064,0.6387602686882019,0.6861557364463806,0.5546233654022217,0.6723518967628479,0.46578237414360046,0.6216493248939514,0.43591147661209106,0.688813328742981,0.42341673374176025,0.7148656845092773,0.3193665146827698,0.7256854772567749,0.25249528884887695,0.7330257296562195,0.19113843142986298,0.6512413620948792,0.397792249917984,0.681397557258606,0.2826765775680542,0.6985408067703247,0.2027173638343811,0.7103068232536316,0.1341836154460907,0.6118358373641968,0.39875859022140503,0.6379039287567139,0.28819286823272705,0.6558204889297485,0.21746231615543365,0.668306827545166,0.1563829779624939,0.5660822987556458,0.4170406460762024,0.5841471552848816,0.33646321296691895,0.601375937461853,0.2829820513725281,0.6170333623886108,0.23328471183776855
B,0.4232944846153259,0.6549261808395386,0.4813332259654999,0.6269091963768005,0.5189696550369263,0.5466701984405518,0.5208170413970947,0.4772335886955261,0.4874866306781769,0.45113861560821533,0.5016725659370422,0.43589022755622864,0.5144082307815552,0.34227582812309265,0.5186814665794373,0.2848222851753235,0.5206515789031982,0.23287758231163025,0.47599315643310547,0.420928955078125,0.4896341562271118,0.3103879690170288,0.4979251027107239,0.23800690472126007,0.5024796724319458,0.17558377981185913,0.44894909858703613,0.42612433433532715,0.4609093964099884,0.31966519355773926,0.46977701783180237,0.254006028175354,0.47552490234375,0.19636768102645874,0.4189041256904602,0.4447539150714874,0.4250735938549042,0.36615896224975586,0.4326767325401306,0.31489861011505127,0.4399949610233307,0.266899973154068
B,0.3077225089073181,0.5743170380592346,0.35769879817962646,0.5505433082580566,0.39008793234825134,0.47371816635131836,0.3580150008201599,0.39785611629486084,0.31502917408943176,0.361188143491745,0.40469667315483093,0.3555667996406555,0.41883939504623413,0.2571631968021393,0.42404431104660034,0.19406281411647797,0.42772579193115234,0.13715018332004547,0.3699343800544739,0.33408960700035095,0.3866640031337738,0.22530578076839447,0.39639732241630554,0.1547713428735733,0.40606820583343506,0.09311136603355408,0.33708691596984863,0.3363068699836731,0.35306817293167114,0.2339864820241928,0.36570149660110474,0.16970111429691315,0.3771391212940216,0.11447098851203918,0.3020654022693634,0.3553905785083771,0.31241562962532043,0.2841549515724182,0.3226432800292969,0.23699700832366943,0.3337489366531372,0.19314992427825928
B,0.2160443365573883,0.9114615321159363,0.3035793900489807,0.8528844714164734,0.3708312213420868,0.7080627679824829,0.32312697172164917,0.5892281532287598,0.2411521077156067,0.5614849925041199,0.3947119116783142,0.5235337615013123,0.41952425241470337,0.3671656847000122,0.42703163623809814,0.26824769377708435,0.43187177181243896,0.17705202102661133,0.33527010679244995,0.49592238664627075,0.3661300837993622,0.3254132866859436,0.38291528820991516,0.21039444208145142,0.39631548523902893,0.10871714353561401,0.27407020330429077,0.5054646730422974,0.3033475875854492,0.33826565742492676,0.32615911960601807,0.2330842912197113,0.34425443410873413,0.14064234495162964,0.20779292285442352,0.5401190519332886,0.22839543223381042,0.41656017303466797,0.24705937504768372,0.3342573940753937,0.2666296064853668,0.2550273835659027
B,0.4790136516094208,0.6995711922645569,0.513565719127655,0.6346203088760376,0.5126263499259949,0.5404948592185974,0.4556243419647217,0.495991587638855,0.40774795413017273,0.5102151036262512,0.4930703043937683,0.45408833026885986,0.47332295775413513,0.36646905541419983,0.4542713463306427,0.31460654735565186,0.43475431203842163,0.26802489161491394,0.4556271433830261,0.4594860076904297,0.4350135326385498,0.36436355113983154,0.4187520742416382,0.3019999861717224,0.40392613410949707,0.24954932928085327,0.4266475439071655,0.48408323526382446,0.40467894077301025,0.39463725686073303,0.39473584294319153,0.33608171343803406,0.3847041130065918,0.2881777882575989,0.4008095860481262,0.5221954584121704,0.3847461938858032,0.4556039869785309,0.3779645562171936,0.4099901616573334,0.37198689579963684,0.3686298429965973
B,0.37163785099983215,0.6701167821884155,0.3905174136161804,0.5891101360321045,0.3631495535373688,0.5014486312866211,0.2964974641799927,0.4830639958381653,0.25548312067985535,0.5218899846076965,0.3236268162727356,0.42714163661003113,0.28027084469795227,0.3555510640144348,0.2481294870376587,0.31662076711654663,0.21853196620941162,0.2824494242668152,0.2888074517250061,0.45178166031837463,0.24310456216335297,0.3746111989021301,0.2096606194972992,0.32312971353530884,0.1811985969543457,0.2796921730041504,0.2671355903148651,0.48894256353378296,0.22368180751800537,0.41761285066604614,0.1975277066230774,0.36699557304382324,0.1749301552772522,0.3283388614654541,0.2531498670578003,0.5349863767623901,0.22121626138687134,0.4785287082195282,0.20269523561000824,0.4388312101364136,0.18660211563110352,0.40424826741218567
B,0.17558653652668,0.5890712738037109,0.2348952293395996,0.6242814064025879,0.30731502175331116,0.6123536229133606,0.3287018835544586,0.5186288952827454,0.30688151717185974,0.44617289304733276,0.3817269504070282,0.5503801107406616,0.44868800044059753,0.4981401562690735,0.4858904480934143,0.4621770977973938,0.5201172828674316,0.42901769280433655,0.3666600286960602,0.49894723296165466,0.43981075286865234,0.44581976532936096,0.4870464503765106,0.4098369777202606,0.5289722681045532,0.37772437930107117,0.33991432189941406,0.4630216360092163,0.40754884481430054,0.4142134189605713,0.451338529586792,0.3873389959335327,0.48893165588378906,0.3619338870048523,0.3023908734321594,0.43220046162605286,0.35322192311286926,0.3984018564224243,0.38913190364837646,0.3822120130062103,0.42355212569236755,0.3676574230194092
B,0.38566747307777405,0.6446937322616577,0.44240325689315796,0.6205403804779053,0.4817814230918884,0.5400252342224121,0.45570340752601624,0.4618299603462219,0.41157642006874084,0.43572282791137695,0.5009205937385559,0.44311776757240295,0.5211025476455688,0.35050636529922485,0.5273148417472839,0.29018545150756836,0.5301068425178528,0.23458614945411682,0.4662947356700897,0.42024439573287964,0.48883455991744995,0.3188321590423584,0.5012655258178711,0.2504313290119171,0.510481595993042,0.19188418984413147,0.4304206073284149,0.4206661880016327,0.450204074382782,0.32360219955444336,0.4662371277809143,0.26404595375061035,0.47754308581352234,0.2139061987400055,0.3908591568470001,0.43481600284576416,0.40544813871383667,0.36510321497917175,0.4191513955593109,0.3192099630832672,0.4314441978931427,0.2775648832321167
B,0.09746517241001129,0.45876526832580566,0.13650409877300262,0.43604975938796997,0.15481099486351013,0.3879518210887909,0.13731688261032104,0.34757372736930847,0.11130814254283905,0.33654510974884033,0.15661504864692688,0.32774317264556885,0.16205137968063354,0.2720058560371399,0.1624411940574646,0.23614710569381714,0.1613951325416565,0.20405274629592896,0.13432414829730988,0.3180374503135681,0.14079120755195618,0.2573018968105316,0.14340639114379883,0.2154850959777832,0.14499640464782715,0.18103843927383423,0.11250294744968414,0.320871502161026,0.11861401796340942,0.2634771764278412,0.12316685169935226,0.2257523536682129,0.1257283091545105,0.19593533873558044,0.09018450975418091,0.33236148953437805,0.09328819811344147,0.2886897325515747,0.09837369620800018,0.26062947511672974,0.10311257839202881,0.23743462562561035
B,0.10690611600875854,0.5536491274833679,0.13189466297626495,0.5274577736854553,0.14219272136688232,0.4896218776702881,0.12223567813634872,0.4630297124385834,0.10131727159023285,0.45685604214668274,0.14276176691055298,0.4445628821849823,0.14337217807769775,0.3998829126358032,0.14080648124217987,0.37248679995536804,0.1380680799484253,0.34785032272338867,0.12346267700195312,0.4389267861843109,0.12420350313186646,0.390290230512619,0.12287966907024384,0.3588660955429077,0.12234943360090256,0.3315236270427704,0.10646223276853561,0.4429059624671936,0.10711268335580826,0.39701250195503235,0.10826942324638367,0.36769378185272217,0.10956353694200516,0.3431987166404724,0.09015053510665894,0.454638808965683,0.08977451920509338,0.42105361819267273,0.09189514070749283,0.3994303047657013,0.09460882842540741,0.3803349733352661
B,0.032359473407268524,0.8325316309928894,0.08094638586044312,0.8195618987083435,0.12038271129131317,0.7710370421409607,0.11720043420791626,0.7126006484031677,0.09248880296945572,0.6807618737220764,0.14976805448532104,0.6986476182937622,0.1782226860523224,0.637983500957489,0.19277310371398926,0.597809910774231,0.20439603924751282,0.5612146258354187,0.12756118178367615,0.6732356548309326,0.15897883474826813,0.6066460609436035,0.17907139658927917,0.5636070370674133,0.19590052962303162,0.5274111032485962,0.1001276895403862,0.6650009751319885,0.1300365924835205,0.6003808379173279,0.15116477012634277,0.562567949295044,0.16857624053955078,0.5308289527893066,0.06829975545406342,0.6684311628341675,0.09116076678037643,0.6186171770095825,0.10847145318984985,0.588092565536499,0.12430383265018463,0.5617890357971191
B,-0.011893488466739655,0.6719621419906616,0.03379783779382706,0.692376971244812,0.08523549884557724,0.6821351647377014,0.09786950051784515,0.6214064359664917,0.08783946931362152,0.5736916065216064,0.13942278921604156,0.6391774415969849,0.18967249989509583,0.6050806045532227,0.21887418627738953,0.5800788402557373,0.2451760321855545,0.5559689998626709,0.12826436758041382,0.6018890738487244,0.183969184756279,0.5669220685958862,0.21965709328651428,0.5406145453453064,0.25174230337142944,0.5171601176261902,0.10781567543745041,0.5761971473693848,0.16105987131595612,0.5419020652770996,0.19613325595855713,0.520309329032898,0.2272997498512268,0.5008595585823059,0.07943630963563919,0.5559918880462646,0.11966627836227417,0.5281648635864258,0.14681631326675415,0.5129345655441284,0.17286911606788635,0.49948960542678833
B,0.3150394558906555,0.5995521545410156,0.3619208335876465,0.628760814666748,0.4126163125038147,0.613349199295044,0.4327779710292816,0.5542721748352051,0.42225348949432373,0.5092037320137024,0.4431459307670593,0.5785139799118042,0.48894941806793213,0.5494211912155151,0.5161534547805786,0.5266628861427307,0.5400087833404541,0.5042604207992554,0.4370732009410858,0.5438916683197021,0.4883423447608948,0.5110937356948853,0.5223026275634766,0.4889972507953644,0.5514262318611145,0.46964508295059204,0.4224538207054138,0.517579972743988,0.4708443582057953,0.48306897282600403,0.5031357407569885,0.4666525721549988,0.5296369194984436,0.45185717940330505,0.40086105465888977,0.49378228187561035,0.4375637173652649,0.46934473514556885,0.463290274143219,0.45812299847602844,0.48627784848213196,0.4484230577945709
B,0.23825253546237946,0.6112393140792847,0.2818020284175873,0.5836082696914673,0.30612990260124207,0.5220654010772705,0.2849481701850891,0.4662568271160126,0.25280770659446716,0.44270387291908264,0.32316598296165466,0.44451916217803955,0.33435314893722534,0.3713016211986542,0.33592596650123596,0.3248639702796936,0.3359895348548889,0.28139957785606384,0.2946556508541107,0.4276570975780487,0.30627983808517456,0.3473969101905823,0.3122692108154297,0.2940589189529419,0.3178601861000061,0.24672764539718628,0.26586949825286865,0.4293572008609772,0.2766467332839966,0.35257434844970703,0.28610798716545105,0.30453866720199585,0.29375338554382324,0.2634802758693695,0.23600953817367554,0.4438842833042145,0.24356237053871155,0.3864935338497162,0.25170060992240906,0.3497398793697357,0.2598973512649536,0.3174850046634674
B,0.10108214616775513,0.7067697048187256,0.13993601500988007,0.683704137802124,0.1588597446680069,0.6339649558067322,0.13753826916217804,0.5910030007362366,0.10969176888465881,0.5793713331222534,0.17049413919448853,0.5718284249305725,0.17769280076026917,0.5118118524551392,0.17888927459716797,0.47334039211273193,0.17882192134857178,0.43889015913009644,0.14489035308361053,0.5597186088562012,0.15235579013824463,0.4941389262676239,0.15629734098911285,0.45054304599761963,0.1601194441318512,0.41405871510505676,0.12017872184515,0.5616529583930969,0.12782526016235352,0.4987774193286896,0.1344333440065384,0.4594627022743225,0.1396300345659256,0.4267634153366089,0.09450024366378784,0.5738973617553711,0.09995127469301224,0.5276477336883545,0.10680196434259415,0.4977848529815674,0.11370077729225159,0.47183823585510254
B,0.07757546752691269,0.6778135895729065,0.10870318859815598,0.6558191776275635,0.12416229397058487,0.6135390996932983,0.10735873132944107,0.5784966349601746,0.0835428386926651,0.5720058083534241,0.1341841071844101,0.5680502653121948,0.1417061686515808,0.5230077505111694,0.1438189446926117,0.49457332491874695,0.1451609581708908,0.4684867858886719,0.11514242738485336,0.5579198598861694,0.12294286489486694,0.509279727935791,0.12751297652721405,0.47714537382125854,0.13207918405532837,0.44918203353881836,0.09607646614313126,0.5590063333511353,0.1043408215045929,0.5127514600753784,0.11143187433481216,0.4830574095249176,0.1172158494591713,0.4583023190498352,0.07620126008987427,0.5680267810821533,0.08241519331932068,0.5323744416236877,0.08825512230396271,0.5092815160751343,0.09364651143550873,0.4893714487552643
B,0.3888629674911499,0.591483473777771,0.4737725257873535,0.6640669107437134,0.6099783778190613,0.6395576000213623,0.6714912056922913,0.5112945437431335,0.6383194923400879,0.40059906244277954,0.7135164141654968,0.5683727264404297,0.8195852637290955,0.5177388787269592,0.8858495950698853,0.4714479148387909,0.9408572912216187,0.42390358448028564,0.7046355605125427,0.4874115288257599,0.823255181312561,0.43362993001937866,0.9022457599639893,0.39371222257614136,0.9668099880218506,0.3565845489501953,0.6695557832717896,0.42385411262512207,0.7846812009811401,0.3637787699699402,0.8599096536636353,0.3360755443572998,0.9224783778190613,0.3076396584510803,0.6158379316329956,0.36283838748931885,0.7036430239677429,0.3184312582015991,0.7639665007591248,0.2958871126174927,0.8213869333267212,0.2756047248840332
B,0.08032736927270889,0.8669116497039795,0.16645699739456177,0.8184611797332764,0.232237309217453,0.6968469023704529,0.18957462906837463,0.580249547958374,0.11523540318012238,0.5317729115486145,0.26815733313560486,0.5306580066680908,0.3011966943740845,0.3855949640274048,0.31216126680374146,0.29116567969322205,0.31887537240982056,0.20227393507957458,0.20931778848171234,0.49172285199165344,0.2462799847126007,0.33517250418663025,0.2666664123535156,0.23175224661827087,0.28391146659851074,0.13978663086891174,0.14786136150360107,0.49224236607551575,0.1807049661874771,0.34138035774230957,0.2073722928762436,0.24603271484375,0.22984853386878967,0.16183829307556152,0.081580251455307,0.5186238884925842,0.10517805814743042,0.40582382678985596,0.12636473774909973,0.3315061330795288,0.1491030752658844,0.2617585361003876
B,0.3207607567310333,0.5820430517196655,0.37370777130126953,0.6805641651153564,0.4750034213066101,0.7178062200546265,0.5460336804389954,0.6417964696884155,0.5528981685638428,0.5459392666816711,0.5618212223052979,0.7044466137886047,0.6569388508796692,0.7188431024551392,0.7180501818656921,0.7183520197868347,0.7718368768692017,0.7131322622299194,0.5732573866844177,0.6390848755836487,0.6793002486228943,0.6533770561218262,0.7502248287200928,0.6619924306869507,0.809270977973938,0.6683237552642822,0.5626251697540283,0.576386570930481,0.6670295000076294,0.5873143672943115,0.7328386306762695,0.6030226945877075,0.7880077958106995,0.6138486862182617,0.5387331247329712,0.5108602046966553,0.6121066808700562,0.5197960734367371,0.6631962060928345,0.5316054224967957,0.7100353837013245,0.5428433418273926
B,0.18746736645698547,0.8106403946876526,0.24908877909183502,0.7759063243865967,0.28818753361701965,0.6835072636604309,0.2582068145275116,0.5980823636054993,0.20809924602508545,0.567832887172699,0.30640286207199097,0.5736888647079468,0.32708942890167236,0.4719669222831726,0.332518994808197,0.405721515417099,0.33422547578811646,0.344854474067688,0.2661658525466919,0.5512741804122925,0.2894896864891052,0.4396860897541046,0.30170008540153503,0.3664267361164093,0.3103641867637634,0.304181843996048,0.2248702496290207,0.5545874238014221,0.24485479295253754,0.44744789600372314,0.26158660650253296,0.3795952796936035,0.27274975180625916,0.3227798044681549,0.18014979362487793,0.5735706090927124,0.19552505016326904,0.49332863092422485,0.2090579867362976,0.43995100259780884,0.22127296030521393,0.3917554020881653
B,0.11903279274702072,0.714997410774231,0.18886107206344604,0.6991488933563232,0.24292954802513123,0.6212952733039856,0.22856345772743225,0.5276647806167603,0.1859394758939743,0.4812544286251068,0.28186002373695374,0.5280592441558838,0.3181018829345703,0.43459567427635193,0.33445483446121216,0.37209099531173706,0.34693485498428345,0.3146892488002777,0.24744722247123718,0.49430277943611145,0.28819215297698975,0.3935149312019348,0.31246981024742126,0.3271166682243347,0.3325774669647217,0.27061355113983154,0.20698517560958862,0.4836532473564148,0.24687913060188293,0.38609248399734497,0.27509498596191406,0.3273446559906006,0.29726776480674744,0.2784491181373596,0.16104215383529663,0.486561119556427,0.1905432641506195,0.4132249355316162,0.21315306425094604,0.36757874488830566,0.2345203459262848,0.32774049043655396
B,0.09942547976970673,0.6991344690322876,0.16658248007297516,0.6565171480178833,0.1986125409603119,0.5637633204460144,0.16024982929229736,0.4753665328025818,0.1087985411286354,0.4469355344772339,0.22231897711753845,0.4636082351207733,0.23450598120689392,0.35908180475234985,0.23465043306350708,0.29218780994415283,0.23244725167751312,0.2307712882757187,0.17893369495868683,0.4423823654651642,0.19371481239795685,0.3306426405906677,0.20030486583709717,0.2547369599342346,0.2060440480709076,0.18924298882484436,0.13543462753295898,0.4455314874649048,0.14925777912139893,0.3390429615974426,0.16346053779125214,0.2723706066608429,0.174233078956604,0.2166183590888977,0.08953775465488434,0.463733047246933,0.10065343976020813,0.38092976808547974,0.11378301680088043,0.33015376329421997,0.1280171275138855,0.2859646677970886
C,0.16119778156280518,0.6627238988876343,0.2170562595129013,0.6668817400932312,0.2612617313861847,0.6567387580871582,0.29702407121658325,0.6510924696922302,0.32878053188323975,0.646591305732727,0.25708672404289246,0.5478039979934692,0.2809593975543976,0.4911130368709564,0.30811360478401184,0.4826657176017761,0.33074265718460083,0.49070465564727783,0.24585509300231934,0.5368690490722656,0.2748097777366638,0.4715968668460846,0.30649298429489136,0.4684165120124817,0.3290702998638153,0.48759567737579346,0.23361703753471375,0.5328219532966614,0.2637811303138733,0.4696335792541504,0.2971164584159851,0.46801474690437317,0.32169169187545776,0.4883246421813965,0.22169864177703857,0.537510335445404,0.2513048052787781,0.4969540238380432,0.27943652868270874,0.483486145734787,0.3033566474914551,0.48640069365501404
C,0.1807170808315277,0.6636799573898315,0.2322903573513031,0.6686009764671326,0.27884551882743835,0.6615148782730103,0.3148896396160126,0.6647688746452332,0.34723713994026184,0.6612094044685364,0.281944215297699,0.5472639203071594,0.3076186180114746,0.4874863624572754,0.33498311042785645,0.4781401753425598,0.3579613268375397,0.48741084337234497,0.2671293318271637,0.5368369221687317,0.29645025730133057,0.46904879808425903,0.32796257734298706,0.4639991521835327,0.3517172336578369,0.48418453335762024,0.2499261051416397,0.535982608795166,0.278184711933136,0.4704548120498657,0.3094181716442108,0.4662022590637207,0.3345741629600525,0.48499947786331177,0.2314595878124237,0.5466108322143555,0.25732335448265076,0.5051867961883545,0.2830713987350464,0.48783981800079346,0.3050311207771301,0.4875011742115021
C,0.1374409794807434,0.6779265999794006,0.19329646229743958,0.6663329601287842,0.23043140769004822,0.650356650352478,0.262565553188324,0.650255024433136,0.29293006658554077,0.6476371884346008,0.21264231204986572,0.5459844470024109,0.24411334097385406,0.4948892891407013,0.27651703357696533,0.484830766916275,0.30193033814430237,0.48949623107910156,0.20457488298416138,0.540473222732544,0.23860272765159607,0.47331029176712036,0.2755432724952698,0.4648788273334503,0.30116701126098633,0.4815637469291687,0.20064139366149902,0.5435436964035034,0.23543855547904968,0.47734108567237854,0.271945983171463,0.4688795804977417,0.2969990372657776,0.482663631439209,0.20427806675434113,0.5571991801261902,0.23661662638187408,0.5093958377838135,0.26471391320228577,0.4930441081523895,0.28656622767448425,0.4928281903266907
C,0.19313862919807434,0.657410740852356,0.23840966820716858,0.6679664254188538,0.28039219975471497,0.663312554359436,0.31728702783584595,0.6661807298660278,0.34755030274391174,0.6613331437110901,0.28054094314575195,0.5525263547897339,0.3033767342567444,0.4999280869960785,0.3300537168979645,0.4883756637573242,0.35162290930747986,0.4949151277542114,0.2716517448425293,0.5421501398086548,0.29588407278060913,0.4829126000404358,0.32575953006744385,0.47516512870788574,0.3489285409450531,0.4905654489994049,0.26413923501968384,0.5375604629516602,0.2893359661102295,0.48002395033836365,0.3213467001914978,0.4735976755619049,0.34613049030303955,0.4898211658000946,0.258079469203949,0.5419902205467224,0.2850370407104492,0.5025297403335571,0.3112715780735016,0.4878918528556824,0.33337968587875366,0.4902302026748657
C,0.21116770803928375,0.6541258096694946,0.26197171211242676,0.6609944701194763,0.3049502372741699,0.650265634059906,0.3410075008869171,0.6484652757644653,0.3744126558303833,0.6449523568153381,0.30279800295829773,0.5479748845100403,0.3303149342536926,0.5028180480003357,0.35790833830833435,0.4956635534763336,0.3793525695800781,0.5035038590431213,0.294100284576416,0.5356268286705017,0.32469725608825684,0.479024738073349,0.35624024271965027,0.4769604802131653,0.3784239888191223,0.4967042803764343,0.2849048376083374,0.5292636156082153,0.31812959909439087,0.47473788261413574,0.3524380922317505,0.47545456886291504,0.37671777606010437,0.4966737627983093,0.2772570252418518,0.5309562087059021,0.31210893392562866,0.4971117079257965,0.34174731373786926,0.49084389209747314,0.36525818705558777,0.4991267919540405
C,0.20217499136924744,0.5999214053153992,0.24177899956703186,0.604270339012146,0.2747247517108917,0.598800003528595,0.3017274737358093,0.6010105609893799,0.3274352252483368,0.5998141765594482,0.2782737612724304,0.5183719396591187,0.3002804219722748,0.47574105858802795,0.3211342990398407,0.4719327390193939,0.33714842796325684,0.48122626543045044,0.2719440758228302,0.510433554649353,0.2962871789932251,0.4603794813156128,0.3219156563282013,0.460426390171051,0.33769872784614563,0.47821757197380066,0.26405957341194153,0.5077421069145203,0.2892613112926483,0.46019744873046875,0.3158588111400604,0.4632876515388489,0.33338552713394165,0.4814523458480835,0.25664350390434265,0.5117239952087402,0.28079724311828613,0.4797557592391968,0.303160160779953,0.4767124056816101,0.3201844394207001,0.4853256344795227
C,0.17329376935958862,0.771503210067749,0.320365846157074,0.7387933731079102,0.4413946270942688,0.6817176938056946,0.5354921221733093,0.6781768798828125,0.624525785446167,0.6881027221679688,0.36843881011009216,0.4034196436405182,0.47798076272010803,0.27188950777053833,0.5742744207382202,0.2542742192745209,0.6545497179031372,0.28944873809814453,0.3367327153682709,0.4206344187259674,0.4798416793346405,0.23664429783821106,0.5834291577339172,0.24387803673744202,0.6538934111595154,0.3027496337890625,0.30560988187789917,0.4750259518623352,0.41861557960510254,0.3060050904750824,0.5271831154823303,0.2879679799079895,0.6093413829803467,0.30964964628219604,0.284668892621994,0.5657938122749329,0.33923524618148804,0.45984727144241333,0.4018213152885437,0.4048343300819397,0.46132853627204895,0.37430495023727417
C,0.2675709128379822,0.6218082904815674,0.33122822642326355,0.6319817304611206,0.38037219643592834,0.621283769607544,0.4191463589668274,0.624215841293335,0.4532032012939453,0.6218088269233704,0.39083245396614075,0.48740389943122864,0.4296236038208008,0.42955106496810913,0.46305906772613525,0.4353715181350708,0.4826318621635437,0.460938036441803,0.3804434537887573,0.47717803716659546,0.4260532855987549,0.40622639656066895,0.4655674993991852,0.42191842198371887,0.4815226197242737,0.4637162685394287,0.3685225546360016,0.472549706697464,0.41636574268341064,0.4026029706001282,0.45723944902420044,0.4213026463985443,0.47648900747299194,0.46070969104766846,0.3571763038635254,0.48042747378349304,0.40218713879585266,0.43551963567733765,0.4374299943447113,0.4373607337474823,0.4594801664352417,0.4566042125225067
C,0.21996532380580902,0.6039617657661438,0.26485705375671387,0.6091534495353699,0.2991331219673157,0.6070976853370667,0.3247879445552826,0.6100343465805054,0.34862470626831055,0.603488564491272,0.30426377058029175,0.5143892765045166,0.32824426889419556,0.4611065983772278,0.3522833585739136,0.45997634530067444,0.3691888451576233,0.47325727343559265,0.29570209980010986,0.5073883533477783,0.32375067472457886,0.44530805945396423,0.35274994373321533,0.45027804374694824,0.36848604679107666,0.47387319803237915,0.28468814492225647,0.5053593516349792,0.31369727849960327,0.448688805103302,0.34314876794815063,0.4551003873348236,0.3608008921146393,0.4765569567680359,0.2729857563972473,0.5116778016090393,0.2991222143173218,0.477152556180954,0.32511448860168457,0.4716258943080902,0.34459030628204346,0.47761476039886475
C,0.2248353660106659,0.6096264123916626,0.2878257930278778,0.6103924512863159,0.33913949131965637,0.6005736589431763,0.37703031301498413,0.598804235458374,0.41329067945480347,0.5803470611572266,0.34779468178749084,0.4581768810749054,0.38074028491973877,0.3829035460948944,0.41228345036506653,0.3784577548503876,0.43629884719848633,0.3973110020160675,0.33225783705711365,0.4493367373943329,0.3717898428440094,0.36399611830711365,0.41122257709503174,0.36457300186157227,0.43640846014022827,0.3956755995750427,0.3134358823299408,0.4486923813819885,0.3519790470600128,0.3705589175224304,0.39191219210624695,0.370911180973053,0.4197912812232971,0.39734113216400146,0.29374369978904724,0.4604554772377014,0.3289633095264435,0.40355753898620605,0.3620082139968872,0.3903074860572815,0.3876713812351227,0.39809414744377136
C,0.29167455434799194,0.5823153853416443,0.35327965021133423,0.6088298559188843,0.4083625078201294,0.6131163239479065,0.44559213519096375,0.631894052028656,0.47920992970466614,0.6500582695007324,0.4263034164905548,0.4750550389289856,0.48249974846839905,0.42964720726013184,0.5239593386650085,0.4541763365268707,0.5472815036773682,0.4920171797275543,0.4139563739299774,0.4689503312110901,0.48850777745246887,0.41690191626548767,0.5317639112472534,0.4538978338241577,0.5471782684326172,0.5001065731048584,0.40095239877700806,0.4735291600227356,0.4680262506008148,0.4276687502861023,0.5147601962089539,0.46337178349494934,0.53489750623703,0.50836181640625,0.3875361382961273,0.49623024463653564,0.4390565752983093,0.46863770484924316,0.479955792427063,0.481792151927948,0.504911482334137,0.5048573613166809
C,0.3850885033607483,0.5437330603599548,0.4252294600009918,0.5979338884353638,0.466973215341568,0.6358903050422668,0.48833760619163513,0.6776719093322754,0.5118131041526794,0.7121924757957458,0.5345110297203064,0.5445454716682434,0.595917284488678,0.5289639234542847,0.6183066964149475,0.5663873553276062,0.6222152709960938,0.6073031425476074,0.5237465500831604,0.5217688083648682,0.598061203956604,0.5033241510391235,0.6166369318962097,0.5530939102172852,0.6117342710494995,0.5993981957435608,0.5054817795753479,0.5060124397277832,0.5690154433250427,0.4866501986980438,0.5916212797164917,0.532500684261322,0.593757152557373,0.5766281485557556,0.4805710017681122,0.5007484555244446,0.5278955101966858,0.5010519623756409,0.5581638813018799,0.5281464457511902,0.5757818222045898,0.5573379993438721
C,0.2568073272705078,0.7223532795906067,0.2945649027824402,0.6659221649169922,0.3224649727344513,0.6059368252754211,0.34885793924331665,0.5636942386627197,0.36698347330093384,0.5211412310600281,0.25423258543014526,0.5090267062187195,0.24137049913406372,0.43320128321647644,0.25654521584510803,0.3994215726852417,0.27688664197921753,0.38263607025146484,0.23591484129428864,0.5139170289039612,0.222284197807312,0.4275720715522766,0.24363911151885986,0.3920779824256897,0.26998457312583923,0.3826369345188141,0.22022099792957306,0.5271461009979248,0.20521265268325806,0.44401687383651733,0.22912517189979553,0.4055320918560028,0.25897911190986633,0.39274394512176514,0.20837190747261047,0.5482122302055359,0.19604481756687164,0.4767557978630066,0.21159884333610535,0.4373466372489929,0.2358630746603012,0.41796940565109253
C,0.29782718420028687,0.7290283441543579,0.31762897968292236,0.6595049500465393,0.32645806670188904,0.6040526032447815,0.3403921127319336,0.5631107091903687,0.34693676233291626,0.5217052102088928,0.23485904932022095,0.5616176128387451,0.19974373281002045,0.5007970929145813,0.21091142296791077,0.4603869318962097,0.23291540145874023,0.4353223443031311,0.22568988800048828,0.5729486346244812,0.1835101991891861,0.5042740106582642,0.20170947909355164,0.4570775628089905,0.2328863888978958,0.43753835558891296,0.22190552949905396,0.5894646048545837,0.18288683891296387,0.5215344429016113,0.2026810646057129,0.4729843735694885,0.2321358025074005,0.44828981161117554,0.22694018483161926,0.6084219813346863,0.19893816113471985,0.5491713881492615,0.20488497614860535,0.5064527988433838,0.22100909054279327,0.4803925156593323
C,0.2812580168247223,0.7274194359779358,0.30579766631126404,0.6604880094528198,0.3143768608570099,0.6087526082992554,0.32901135087013245,0.5713768005371094,0.3401302695274353,0.5354412198066711,0.22547125816345215,0.5716366171836853,0.20486636459827423,0.5023825168609619,0.225773423910141,0.46323251724243164,0.252914696931839,0.4445072412490845,0.21872462332248688,0.5784860253334045,0.19305561482906342,0.49732309579849243,0.21933120489120483,0.4529626667499542,0.25175803899765015,0.4405164420604706,0.21959653496742249,0.5862222909927368,0.1965034008026123,0.5053369402885437,0.22174297273159027,0.46270355582237244,0.24978326261043549,0.44768133759498596,0.23047852516174316,0.5923205614089966,0.2150021493434906,0.5284258127212524,0.22595754265785217,0.49071067571640015,0.24242515861988068,0.47206103801727295
C,0.30514824390411377,0.4446852505207062,0.346102237701416,0.4535575807094574,0.37830767035484314,0.4515039622783661,0.40438997745513916,0.454341858625412,0.43160390853881836,0.4540436863899231,0.3864624798297882,0.3641929030418396,0.41119009256362915,0.3243275284767151,0.4330465495586395,0.32283782958984375,0.4498996436595917,0.33372437953948975,0.37847983837127686,0.3553210496902466,0.4071355164051056,0.30637437105178833,0.43383854627609253,0.31013429164886475,0.44941943883895874,0.33146023750305176,0.3687219023704529,0.3512391448020935,0.39602604508399963,0.30496251583099365,0.4220527708530426,0.3103851079940796,0.438038170337677,0.3314412534236908,0.35936427116394043,0.353940486907959,0.3824126720428467,0.321307510137558,0.4043937027454376,0.31674376130104065,0.421123206615448,0.32542696595191956
C,0.21932920813560486,0.6800298094749451,0.31422197818756104,0.6557832956314087,0.3669978082180023,0.6256285309791565,0.41553184390068054,0.619956910610199,0.4665170907974243,0.6083062291145325,0.32993772625923157,0.4466463625431061,0.36284342408180237,0.3556188941001892,0.41022026538848877,0.336007684469223,0.45020171999931335,0.34325921535491943,0.31781429052352905,0.4385148882865906,0.3596770167350769,0.3284836709499359,0.41599100828170776,0.31466177105903625,0.4557545781135559,0.3440864384174347,0.3124636709690094,0.4423994719982147,0.35509923100471497,0.33435553312301636,0.41193056106567383,0.3235572576522827,0.4527604579925537,0.34788262844085693,0.3199910819530487,0.46640312671661377,0.35999050736427307,0.38061439990997314,0.40112048387527466,0.35209184885025024,0.43478167057037354,0.3501874804496765
C,0.20436586439609528,0.6660941243171692,0.25960201025009155,0.6594739556312561,0.30028119683265686,0.648410975933075,0.331609308719635,0.6475505828857422,0.3607597053050995,0.6414006352424622,0.29159998893737793,0.5412775278091431,0.31182464957237244,0.4811059832572937,0.3397970199584961,0.4757193326950073,0.362754225730896,0.48870953917503357,0.2803150415420532,0.5380948781967163,0.3061913251876831,0.4694223999977112,0.33922943472862244,0.46699076890945435,0.3624049723148346,0.48706820607185364,0.2687951326370239,0.5418197512626648,0.29378339648246765,0.47999879717826843,0.32603710889816284,0.47894272208213806,0.3494531214237213,0.49807339906692505,0.2586149573326111,0.5556464791297913,0.2788795232772827,0.51247638463974,0.3028019964694977,0.497404545545578,0.32267042994499207,0.49755510687828064
C,0.35990995168685913,0.5990042686462402,0.40548256039619446,0.5247975587844849,0.42662349343299866,0.4695233404636383,0.45127660036087036,0.42981040477752686,0.4726236164569855,0.3848218619823456,0.33572936058044434,0.3907977342605591,0.3153087794780731,0.31054991483688354,0.3348962664604187,0.26532649993896484,0.3618879020214081,0.24158817529678345,0.3231973350048065,0.39687880873680115,0.2964733839035034,0.30407536029815674,0.3260396420955658,0.2538466453552246,0.3623069226741791,0.24052701890468597,0.31796953082084656,0.4079921245574951,0.2945486307144165,0.3176176846027374,0.3257448673248291,0.2691692113876343,0.36050552129745483,0.25304684042930603,0.32435134053230286,0.4224810004234314,0.3106784522533417,0.3503211736679077,0.326421320438385,0.3064306378364563,0.34816664457321167,0.2826319932937622
C,0.28090810775756836,0.6595904231071472,0.3379374146461487,0.6599164605140686,0.3865790367126465,0.6452564001083374,0.42552608251571655,0.6460990905761719,0.46399036049842834,0.6476640701293945,0.39288032054901123,0.5254432559013367,0.4209210276603699,0.45773059129714966,0.45153921842575073,0.44742363691329956,0.4771382808685303,0.45688596367836,0.3792416453361511,0.5151759386062622,0.41316673159599304,0.43866220116615295,0.45039111375808716,0.4371771514415741,0.4763227105140686,0.4607630670070648,0.3636309504508972,0.5134814381599426,0.3983781635761261,0.4428997337818146,0.4357698857784271,0.44251078367233276,0.4633323550224304,0.4646204710006714,0.34831395745277405,0.5219882130622864,0.3804627060890198,0.4746758043766022,0.41197293996810913,0.4592718482017517,0.4390861392021179,0.4601188898086548
C,0.23663900792598724,0.6242018342018127,0.28114962577819824,0.625411868095398,0.31669044494628906,0.6192386746406555,0.3453100919723511,0.6211545467376709,0.37439557909965515,0.6162160634994507,0.31840020418167114,0.5226357579231262,0.33817028999328613,0.4733731150627136,0.36212190985679626,0.4628986716270447,0.38260889053344727,0.4674937427043915,0.31025487184524536,0.5148937106132507,0.3331899046897888,0.4555123448371887,0.3629222810268402,0.4503219425678253,0.38356253504753113,0.46696916222572327,0.3011743128299713,0.5127012133598328,0.3238873779773712,0.4552880823612213,0.35363906621932983,0.4511018395423889,0.3753381073474884,0.46635404229164124,0.29304239153862,0.5185568332672119,0.3137008845806122,0.47860187292099,0.3376452624797821,0.4669172763824463,0.3573295474052429,0.46935757994651794
C,0.5659663677215576,0.5572866201400757,0.6437503695487976,0.5611957311630249,0.704545795917511,0.5407645106315613,0.7582866549491882,0.5391888618469238,0.8079411387443542,0.5369265675544739,0.6926418542861938,0.36856961250305176,0.7376165390014648,0.28296059370040894,0.7871986627578735,0.27454012632369995,0.8271202445030212,0.29174578189849854,0.6792622804641724,0.36240100860595703,0.7313168048858643,0.2634041905403137,0.7885329723358154,0.2614426910877228,0.82911217212677,0.29033881425857544,0.6672470569610596,0.3704304099082947,0.7217080593109131,0.2766934037208557,0.7773497104644775,0.2751201391220093,0.8172274231910706,0.29940515756607056,0.6602902412414551,0.39495885372161865,0.7021267414093018,0.3287619650363922,0.7442161440849304,0.30684638023376465,0.7797766923904419,0.3044642508029938
C,0.5739443302154541,0.4977884590625763,0.6336046457290649,0.5449411273002625,0.6868189573287964,0.5663045644760132,0.7273766398429871,0.5932388305664062,0.7648552656173706,0.6150060296058655,0.7280475497245789,0.4149389863014221,0.7954093813896179,0.3796902298927307,0.8359636068344116,0.40607738494873047,0.858462393283844,0.44431212544441223,0.7207760214805603,0.40166914463043213,0.8005282878875732,0.3608650863170624,0.8443293571472168,0.3972741961479187,0.8604382872581482,0.4458906650543213,0.7102885246276855,0.40118229389190674,0.787667989730835,0.36772391200065613,0.8310288190841675,0.4031444787979126,0.8505786657333374,0.4462811052799225,0.6991554498672485,0.41749629378318787,0.7576596736907959,0.39710932970046997,0.7972164154052734,0.40997830033302307,0.8228475451469421,0.43122363090515137
C,0.32992231845855713,0.7089673280715942,0.3863085210323334,0.6765992045402527,0.424227774143219,0.6409776210784912,0.45807668566703796,0.6211859583854675,0.4913206100463867,0.598738968372345,0.38058146834373474,0.5314871668815613,0.39536774158477783,0.45337146520614624,0.42807286977767944,0.4339745342731476,0.45656293630599976,0.43593353033065796,0.36662402749061584,0.5315921306610107,0.38733991980552673,0.4418956935405731,0.42708253860473633,0.42604970932006836,0.4577649235725403,0.43960434198379517,0.3574320077896118,0.540166974067688,0.3788124620914459,0.45475324988365173,0.418124258518219,0.43780621886253357,0.44973066449165344,0.4478555917739868,0.35528042912483215,0.5576208233833313,0.37495243549346924,0.4925471246242523,0.4028952419757843,0.4669424891471863,0.42785346508026123,0.462314635515213
C,0.16706669330596924,0.8243981003761292,0.21691597998142242,0.8015660047531128,0.25357502698898315,0.7728262543678284,0.28459644317626953,0.7628695368766785,0.31629273295402527,0.756543755531311,0.2405814528465271,0.6764525771141052,0.25892966985702515,0.61161208152771,0.28684449195861816,0.6045982837677002,0.31076622009277344,0.6142213344573975,0.22488197684288025,0.6768482327461243,0.2484380453824997,0.6024352312088013,0.2810932695865631,0.6012410521507263,0.3052421808242798,0.6207461357116699,0.2084226906299591,0.6869184970855713,0.23088330030441284,0.6239532828330994,0.2611999809741974,0.6212990880012512,0.2845269739627838,0.6358784437179565,0.19290192425251007,0.7072831392288208,0.2154865860939026,0.6634446382522583,0.23989994823932648,0.6452608108520508,0.2610827386379242,0.6399825811386108
C,0.21175214648246765,0.8308833241462708,0.2659415900707245,0.8090013861656189,0.30373480916023254,0.7814503908157349,0.3367265462875366,0.7672787308692932,0.37053436040878296,0.7482296228408813,0.28157514333724976,0.6803367733955383,0.3046092391014099,0.6212548613548279,0.3308607339859009,0.6006390452384949,0.3544953167438507,0.5966041088104248,0.26827049255371094,0.67268306016922,0.28992387652397156,0.5963440537452698,0.3230832815170288,0.5810043811798096,0.34905460476875305,0.5965632796287537,0.2553919851779938,0.6769518256187439,0.27388185262680054,0.6048814058303833,0.3069778084754944,0.5891664028167725,0.334438681602478,0.6008275151252747,0.2466365545988083,0.6916330456733704,0.2648417353630066,0.6378078460693359,0.28933966159820557,0.6143995523452759,0.31228598952293396,0.6105971336364746
A,0.6914487481117249,0.7092026472091675,0.6480013132095337,0.6881585717201233,0.6108700037002563,0.6379544734954834,0.5895294547080994,0.5949049592018127,0.5678917765617371,0.5685130953788757,0.6206415891647339,0.5974694490432739,0.6136350631713867,0.5594191551208496,0.6276304125785828,0.5967605113983154,0.6390190124511719,0.6298059225082397,0.6478231549263,0.591215193271637,0.6459066271781921,0.5613240003585815,0.6584579944610596,0.6097478866577148,0.667088508605957,0.646398663520813,0.6736464500427246,0.5914024710655212,0.6729964017868042,0.5658932328224182,0.6795357465744019,0.6127052903175354,0.6840488314628601,0.6496986150741577,0.6975637078285217,0.5960192680358887,0.695647656917572,0.571384072303772,0.6970541477203369,0.604656994342804,0.6982713937759399,0.6332182884216309
A,0.7040833830833435,0.6530763506889343,0.6466947793960571,0.6196548938751221,0.5958533883094788,0.5522589087486267,0.5663092136383057,0.48952579498291016,0.5592514276504517,0.4318709075450897,0.608616054058075,0.4869037866592407,0.5980412364006042,0.4281330704689026,0.6176299452781677,0.48548653721809387,0.6327637434005737,0.5362237095832825,0.6464856266975403,0.47961920499801636,0.6429744362831116,0.4353836178779602,0.6601325869560242,0.5093587636947632,0.66987544298172,0.5625642538070679,0.6828356981277466,0.48116105794906616,0.6827279329299927,0.44561514258384705,0.6909622550010681,0.5179697275161743,0.694080114364624,0.5699801445007324,0.7171012759208679,0.48910045623779297,0.715851902961731,0.45424506068229675,0.7161965370178223,0.5032883286476135,0.7146758437156677,0.5428110361099243
A,0.715786337852478,0.6983964443206787,0.6723811626434326,0.6752340197563171,0.6345906257629395,0.6228225231170654,0.6144221425056458,0.5746870040893555,0.6034924983978271,0.5332608222961426,0.6432264447212219,0.5735007524490356,0.6396809220314026,0.5300211310386658,0.6560736894607544,0.569782018661499,0.6673431992530823,0.6082653403282166,0.6726873517036438,0.5691714882850647,0.6748228073120117,0.5363510847091675,0.6887784600257874,0.5897042751312256,0.6951173543930054,0.6325271725654602,0.7002368569374084,0.5711451172828674,0.7047842741012573,0.5441531538963318,0.7115904092788696,0.5959085822105408,0.7124701738357544,0.6375783085823059,0.7255713939666748,0.5778172016143799,0.7282085418701172,0.5539039373397827,0.7297053933143616,0.5900195240974426,0.7277559041976929,0.6213697791099548
A,0.7113431096076965,0.7240635752677917,0.6651936173439026,0.7015171051025391,0.6281921863555908,0.6455216407775879,0.6056446433067322,0.5936573147773743,0.5813790559768677,0.5591235756874084,0.6332855224609375,0.5991166234016418,0.6206979751586914,0.5394124388694763,0.6343640089035034,0.5773512721061707,0.6457767486572266,0.6155611872673035,0.6629703044891357,0.5938639640808105,0.6585474610328674,0.5507544875144958,0.6731812953948975,0.6066394448280334,0.6821094751358032,0.6488224864006042,0.6916686296463013,0.5944773554801941,0.688582181930542,0.5609116554260254,0.6971361041069031,0.6152571439743042,0.7015671730041504,0.6557018756866455,0.719115674495697,0.5985716581344604,0.7129082679748535,0.5694079995155334,0.7160280346870422,0.6080889701843262,0.7181657552719116,0.6394087076187134
A,0.8337821364402771,0.695766806602478,0.7309092879295349,0.6344959735870361,0.6419897079467773,0.5150011777877808,0.58514004945755,0.4074294865131378,0.5456487536430359,0.31735432147979736,0.6598671078681946,0.4050752818584442,0.631517767906189,0.29295170307159424,0.6699826717376709,0.3846115469932556,0.7023760080337524,0.4658357799053192,0.7262219190597534,0.38385671377182007,0.7190358638763428,0.3063983917236328,0.7538841962814331,0.4355786144733429,0.7751003503799438,0.5207967758178711,0.790235161781311,0.3786091208457947,0.7922236919403076,0.31583482027053833,0.8089705109596252,0.4426477253437042,0.8170672059059143,0.5292665958404541,0.8504188060760498,0.38101038336753845,0.852872371673584,0.3194717764854431,0.8504378795623779,0.4019101560115814,0.8472765684127808,0.463739812374115
A,0.7273420691490173,0.6118625998497009,0.6590633392333984,0.6162238717079163,0.5866753458976746,0.5821214914321899,0.5333704352378845,0.5372604727745056,0.49866753816604614,0.4879974126815796,0.5733212828636169,0.5075961947441101,0.5329725742340088,0.44995415210723877,0.5686892867088318,0.49497541785240173,0.601818859577179,0.5359261631965637,0.6069338321685791,0.47811734676361084,0.5809356570243835,0.4376971423625946,0.6228705048561096,0.4999160170555115,0.6528074741363525,0.5429772734642029,0.6425382494926453,0.45750173926353455,0.6214455962181091,0.42415258288383484,0.6563337445259094,0.49023914337158203,0.6811215281486511,0.536287248134613,0.6801915764808655,0.44117221236228943,0.6596663594245911,0.41275253891944885,0.675641655921936,0.4611404836177826,0.6898736357688904,0.49819234013557434
A,0.7322192788124084,0.6373400092124939,0.6645655035972595,0.6547789573669434,0.5882477760314941,0.6274739503860474,0.5349687933921814,0.5870394110679626,0.4983501136302948,0.5444437861442566,0.5730059146881104,0.5614914894104004,0.5336284637451172,0.5102466344833374,0.5730442404747009,0.546615481376648,0.6079481840133667,0.5818448066711426,0.6042397022247314,0.5257981419563293,0.5796096324920654,0.4924337863922119,0.627837061882019,0.5471693277359009,0.6591975688934326,0.5829434394836426,0.6381913423538208,0.49873822927474976,0.6185774207115173,0.47082123160362244,0.6591273546218872,0.5309199690818787,0.6851603984832764,0.5711191296577454,0.673793613910675,0.47726473212242126,0.651642918586731,0.44902387261390686,0.6738806962966919,0.4937968850135803,0.6915136575698853,0.5267142057418823
A,0.7366759777069092,0.6746447086334229,0.6769518852233887,0.6233004331588745,0.6403563022613525,0.5363091230392456,0.6238211393356323,0.4648471772670746,0.6108530759811401,0.40766188502311707,0.6630779504776001,0.4781499207019806,0.6550187468528748,0.40784233808517456,0.6604101061820984,0.46629777550697327,0.6651386022567749,0.5236154794692993,0.7026718854904175,0.4809647798538208,0.6956700086593628,0.43072032928466797,0.7001811265945435,0.5079478621482849,0.7041583061218262,0.5674575567245483,0.7411907315254211,0.4907098710536957,0.7338848114013672,0.44879835844039917,0.7329484224319458,0.5246595740318298,0.7335006594657898,0.5823652148246765,0.778982937335968,0.5063410401344299,0.7686566114425659,0.46519166231155396,0.7620254158973694,0.5153484344482422,0.7603290677070618,0.5577723383903503
A,0.7536913156509399,0.6795075535774231,0.7007144689559937,0.6271400451660156,0.6707636117935181,0.5435973405838013,0.6612119078636169,0.47052818536758423,0.6549767255783081,0.4116632342338562,0.6948676705360413,0.4877047836780548,0.6972979307174683,0.4199034571647644,0.7007291913032532,0.47314006090164185,0.701923131942749,0.5260692834854126,0.7322295904159546,0.49479934573173523,0.7354185581207275,0.4456176459789276,0.7355649471282959,0.5179526209831238,0.7344738841056824,0.5729488730430603,0.7670143246650696,0.508922815322876,0.7705914974212646,0.469197154045105,0.7638063430786133,0.5397262573242188,0.7571991682052612,0.5921972990036011,0.8000613451004028,0.5286905169487,0.8010482788085938,0.4922214448451996,0.7905888557434082,0.5379945039749146,0.7815028429031372,0.5760178565979004
A,0.7285182476043701,0.6834973692893982,0.6845530867576599,0.6162570714950562,0.6714921593666077,0.5274977684020996,0.6746686697006226,0.4591803550720215,0.6705161929130554,0.4007496237754822,0.7084208130836487,0.4746065139770508,0.6963402032852173,0.41557857394218445,0.6853563189506531,0.4718806743621826,0.6823194622993469,0.5245885252952576,0.7392414212226868,0.48884037137031555,0.7214437127113342,0.4468550980091095,0.7111217379570007,0.5170107483863831,0.7099143862724304,0.5682060122489929,0.770683228969574,0.5085329413414001,0.7481382489204407,0.47695088386535645,0.736143946647644,0.5475112795829773,0.7344483137130737,0.5953750014305115,0.8032063841819763,0.535730242729187,0.7768107056617737,0.5009472370147705,0.7637482285499573,0.5489349961280823,0.7639920711517334,0.5842519402503967
A,0.7969774603843689,0.7159484624862671,0.7380677461624146,0.6805592775344849,0.6912904381752014,0.6070705652236938,0.666026771068573,0.5380563735961914,0.6468539834022522,0.4806917905807495,0.7044031023979187,0.5404996871948242,0.7007384300231934,0.4786776602268219,0.722066342830658,0.5379285216331482,0.7360390424728394,0.5928456783294678,0.7442547678947449,0.5341832041740417,0.7486854791641235,0.48956310749053955,0.7657970190048218,0.5651419162750244,0.7737725377082825,0.6222621202468872,0.7808719277381897,0.5374948978424072,0.7877116203308105,0.5025588274002075,0.794582724571228,0.5740175843238831,0.7952494621276855,0.6291998028755188,0.8133955597877502,0.5461434125900269,0.8216873407363892,0.5099136829376221,0.8199787735939026,0.5566123723983765,0.8139445781707764,0.5978986620903015
A,0.7348672151565552,0.6321187019348145,0.7022047638893127,0.602321982383728,0.6818091869354248,0.5545851588249207,0.6736575961112976,0.5115913152694702,0.6686394810676575,0.47614574432373047,0.6932111382484436,0.5199471116065979,0.6946253776550293,0.48098301887512207,0.7004251480102539,0.5125939249992371,0.7038376927375793,0.5450776219367981,0.7171904444694519,0.5230147838592529,0.7195985913276672,0.4938737452030182,0.7230826616287231,0.5367634296417236,0.7236568927764893,0.5721707940101624,0.7394344210624695,0.5306634902954102,0.7417990565299988,0.5072673559188843,0.740798830986023,0.5480986833572388,0.737737238407135,0.5817410945892334,0.7598433494567871,0.5418965220451355,0.7612550258636475,0.5195817351341248,0.7569534778594971,0.546840250492096,0.7517400979995728,0.5726200938224792
A,0.733450710773468,0.6278460621833801,0.697120189666748,0.5959154963493347,0.6737161874771118,0.5445563197135925,0.6641098856925964,0.4988631308078766,0.6577094793319702,0.4608759880065918,0.6876119375228882,0.5063179135322571,0.6861882209777832,0.46583086252212524,0.6912136077880859,0.5001635551452637,0.6946019530296326,0.5352383255958557,0.7128934264183044,0.5086489319801331,0.7130331993103027,0.4787713289260864,0.7171404361724854,0.5246881246566772,0.7190132737159729,0.5634662508964539,0.736886739730835,0.5156808495521545,0.7373394966125488,0.4925326406955719,0.7373319268226624,0.5370538234710693,0.7360931634902954,0.5741488933563232,0.7596607208251953,0.5268961191177368,0.758685827255249,0.5029990673065186,0.7546613812446594,0.5331912040710449,0.7508735656738281,0.5615628957748413
A,0.7295935750007629,0.6318181753158569,0.6910787224769592,0.5993193984031677,0.6658122539520264,0.5444698333740234,0.654848575592041,0.4943253993988037,0.6489415168762207,0.4530814290046692,0.6797312498092651,0.5041522979736328,0.6783267855644226,0.4574451446533203,0.6835929751396179,0.4935474693775177,0.6868271827697754,0.5302485823631287,0.7064568996429443,0.505851149559021,0.7063344120979309,0.47241613268852234,0.7103644609451294,0.5226128101348877,0.712135910987854,0.562201976776123,0.7317454218864441,0.5128456354141235,0.7319149971008301,0.4868202805519104,0.7312238216400146,0.5357224345207214,0.7295971512794495,0.5732936859130859,0.7559984922409058,0.5241693258285522,0.7544537782669067,0.4985587000846863,0.7497789859771729,0.5314823985099792,0.7457417249679565,0.5599603652954102
A,0.7275791764259338,0.6422845125198364,0.6860206723213196,0.6051143407821655,0.6591126918792725,0.5447455644607544,0.647591233253479,0.4920234680175781,0.642391562461853,0.4478664994239807,0.6748794317245483,0.5022119283676147,0.6725834608078003,0.4537666440010071,0.6768906712532043,0.4940720498561859,0.6802462935447693,0.5342445969581604,0.7035675048828125,0.5051917433738708,0.7016533017158508,0.4691392779350281,0.7051551342010498,0.5224379301071167,0.7073892951011658,0.5653624534606934,0.7309330105781555,0.5128614902496338,0.729148805141449,0.4847947657108307,0.7281138896942139,0.5371921062469482,0.7271683216094971,0.5785050988197327,0.7572325468063354,0.5249545574188232,0.7528924942016602,0.4964836835861206,0.7479642629623413,0.5318365693092346,0.7450059056282043,0.5633544921875
A,0.7180066704750061,0.6412757039070129,0.67368483543396,0.6004220247268677,0.6443089842796326,0.5360981822013855,0.6316814422607422,0.4807719886302948,0.6264867782592773,0.4343385100364685,0.6638432741165161,0.49227309226989746,0.6577886343002319,0.4425698220729828,0.6622344255447388,0.48751071095466614,0.6666713356971741,0.530156135559082,0.6941002607345581,0.4949805736541748,0.6883577108383179,0.45952045917510986,0.6923970580101013,0.5166624188423157,0.6961000561714172,0.5610672831535339,0.7233724594116211,0.5024358630180359,0.7172845602035522,0.47455328702926636,0.717697262763977,0.5303307175636292,0.7191480994224548,0.5727612972259521,0.7523905634880066,0.5143829584121704,0.744258463382721,0.4851303696632385,0.7400708198547363,0.5229144096374512,0.7396090626716614,0.5543267130851746
A,0.6838895678520203,0.7564889192581177,0.5401355624198914,0.7108579874038696,0.4243431091308594,0.5485941171646118,0.3689538836479187,0.3868282735347748,0.3107682466506958,0.26453840732574463,0.4389610290527344,0.392827570438385,0.38755273818969727,0.2549881339073181,0.4295555651187897,0.3883056938648224,0.47187530994415283,0.5028383731842041,0.5229577422142029,0.36118656396865845,0.485409140586853,0.2693386673927307,0.5316199660301208,0.44720765948295593,0.572302520275116,0.5574743747711182,0.6068378686904907,0.34964126348495483,0.5786389112472534,0.2793615758419037,0.6076770424842834,0.46256768703460693,0.6338093876838684,0.5749946236610413,0.692943811416626,0.35130658745765686,0.6604442596435547,0.2833815813064575,0.6666377782821655,0.4128692150115967,0.6772823333740234,0.49790555238723755
A,0.6910707950592041,0.640044093132019,0.5796714425086975,0.5978862643241882,0.49180281162261963,0.4789823889732361,0.4460850656032562,0.3665255308151245,0.4166190028190613,0.2733144760131836,0.5147849321365356,0.366568922996521,0.48710909485816956,0.26860129833221436,0.5154743194580078,0.3649996221065521,0.5416422486305237,0.45109573006629944,0.579059898853302,0.34791699051856995,0.5552259683609009,0.28034889698028564,0.5860178470611572,0.40679851174354553,0.6126282811164856,0.4947473704814911,0.6417633295059204,0.34292885661125183,0.6224504709243774,0.2891727089881897,0.6398354172706604,0.41690540313720703,0.6559686660766602,0.5065258741378784,0.7037315368652344,0.34777864813804626,0.6836691498756409,0.29376113414764404,0.684734046459198,0.38244643807411194,0.6905418634414673,0.45114824175834656
A,0.7711858153343201,0.6684467792510986,0.6963518857955933,0.6227819919586182,0.6374716758728027,0.5291091203689575,0.6063743233680725,0.4453792870044708,0.5866641998291016,0.37674134969711304,0.6559846997261047,0.4554377794265747,0.6507107615470886,0.3828284442424774,0.6709718108177185,0.45836150646209717,0.6851803660392761,0.5242050290107727,0.7061744332313538,0.4481729567050934,0.7060698866844177,0.394359827041626,0.7225853204727173,0.48692765831947327,0.7320173978805542,0.5545365810394287,0.7531494498252869,0.45241299271583557,0.754768967628479,0.4087057113647461,0.7609907388687134,0.49802470207214355,0.7623321413993835,0.5643900632858276,0.7963485717773438,0.4645238518714905,0.7993684411048889,0.41835516691207886,0.7948401570320129,0.4776923954486847,0.7879331707954407,0.5282132625579834
A,0.7682588696479797,0.605897843837738,0.7089583277702332,0.5698340535163879,0.6653432846069336,0.49580296874046326,0.6443173289299011,0.42594918608665466,0.6294276118278503,0.3698737621307373,0.6817613244056702,0.4340920150279999,0.6819601058959961,0.37715548276901245,0.6984702348709106,0.43651363253593445,0.7091681361198425,0.48991966247558594,0.7205915451049805,0.43056854605674744,0.7258556485176086,0.3849627375602722,0.7381333708763123,0.456925630569458,0.7433823347091675,0.5142669677734375,0.7552030086517334,0.43484556674957275,0.7629948258399963,0.3975209593772888,0.766548216342926,0.4668777585029602,0.7650997042655945,0.523158609867096,0.7856740951538086,0.44495534896850586,0.7922995686531067,0.4086810052394867,0.7912923097610474,0.454997718334198,0.7861967086791992,0.49743732810020447
A,0.7673675417900085,0.6426287293434143,0.698767900466919,0.6411358118057251,0.6338256001472473,0.5907229781150818,0.5949549078941345,0.5403392910957336,0.5609910488128662,0.509705126285553,0.6347230672836304,0.5358439683914185,0.6214248538017273,0.4878615736961365,0.6539831161499023,0.5327872633934021,0.6796544790267944,0.5724607706069946,0.6697105765342712,0.5105746984481812,0.6652656197547913,0.4728943705558777,0.6989798545837402,0.5308138132095337,0.7223785519599915,0.5746840238571167,0.7035629153251648,0.49390923976898193,0.7017850875854492,0.4625776708126068,0.7258920073509216,0.5217306017875671,0.7420728802680969,0.5681760907173157,0.7352154850959778,0.4839020073413849,0.7334442138671875,0.45020103454589844,0.7451704144477844,0.4938986301422119,0.7521071434020996,0.531770646572113
A,0.8778270483016968,0.6586099863052368,0.8486323356628418,0.5750408172607422,0.8552252054214478,0.47044631838798523,0.8777328729629517,0.39712923765182495,0.8978014588356018,0.3415732681751251,0.9033833742141724,0.44399553537368774,0.928740918636322,0.4039362967014313,0.9075393080711365,0.4673510789871216,0.8866668343544006,0.5198249220848083,0.9359203577041626,0.4818924367427826,0.9576504230499268,0.4510037899017334,0.9271085262298584,0.5199966430664062,0.9005793333053589,0.571121096611023,0.9621726274490356,0.5221282243728638,0.9818480014801025,0.49842578172683716,0.9465107917785645,0.5579038858413696,0.9160057306289673,0.6010183095932007,0.9826186299324036,0.5647649765014648,0.9987064599990845,0.5425096154212952,0.9698765277862549,0.5803363919258118,0.9443323612213135,0.6091228127479553
B,0.6892681121826172,0.6964125633239746,0.6464847326278687,0.6668565273284912,0.6147907972335815,0.6032513380050659,0.6284352540969849,0.5429167151451111,0.6613380312919617,0.5299127697944641,0.5913708209991455,0.5258362889289856,0.5715355277061462,0.45053255558013916,0.5600360631942749,0.4042491912841797,0.549930214881897,0.3640154302120209,0.6146524548530579,0.5071829557418823,0.5908579230308533,0.4257168173789978,0.5764022469520569,0.3728446960449219,0.561590850353241,0.3275009095668793,0.6432543992996216,0.5045889019966125,0.6222882866859436,0.4291688799858093,0.6087802052497864,0.38243407011032104,0.5939459800720215,0.3425588011741638,0.6755483150482178,0.5145436525344849,0.6621629595756531,0.4583040475845337,0.6504788398742676,0.4218900799751282,0.6391193270683289,0.3910619020462036
B,0.6555777192115784,0.705695390701294,0.6116169095039368,0.690945565700531,0.5697659254074097,0.6411323547363281,0.5742974281311035,0.5797417759895325,0.6043360829353333,0.5561202168464661,0.5370920300483704,0.5664559006690979,0.5067817568778992,0.4993869960308075,0.4889442026615143,0.45695960521698,0.473360538482666,0.4195350408554077,0.5578158497810364,0.5435057878494263,0.5225213170051575,0.471420019865036,0.5006265640258789,0.4238794445991516,0.47945767641067505,0.3825345039367676,0.5853018760681152,0.5356098413467407,0.5543071031570435,0.46845752000808716,0.535426139831543,0.42636415362358093,0.5160555839538574,0.3910520672798157,0.6180257797241211,0.5387513041496277,0.5966916680335999,0.48660311102867126,0.5791782736778259,0.45422956347465515,0.5623924732208252,0.427558571100235
B,0.7513716816902161,0.691987156867981,0.7152708768844604,0.6494951844215393,0.6980096697807312,0.5792731642723083,0.7289906740188599,0.5247049927711487,0.7656267285346985,0.5123392939567566,0.6922581791877747,0.4896070659160614,0.6885350942611694,0.4035380482673645,0.6878482103347778,0.3514936566352844,0.6867289543151855,0.3060567378997803,0.7217904329299927,0.479062557220459,0.716745138168335,0.3840472996234894,0.7144613862037659,0.3248217701911926,0.7099681496620178,0.2726098895072937,0.7510556578636169,0.48681190609931946,0.7483668327331543,0.4003603458404541,0.7460999488830566,0.3462233543395996,0.7406525015830994,0.2991734743118286,0.7811961770057678,0.5089530348777771,0.7834253311157227,0.4468519687652588,0.7804443836212158,0.4051961898803711,0.775442898273468,0.36946308612823486
B,0.7868713140487671,0.7013644576072693,0.7534701228141785,0.6484100222587585,0.7448933124542236,0.5717024803161621,0.7820543050765991,0.5192601084709167,0.820090115070343,0.5134938955307007,0.7437852621078491,0.4835623800754547,0.7481798529624939,0.393108069896698,0.7524100542068481,0.33757829666137695,0.7555220127105713,0.2881300449371338,0.7763144969940186,0.47646692395210266,0.7792209982872009,0.37800246477127075,0.7825958132743835,0.31546181440353394,0.7827262878417969,0.258311927318573,0.8068537712097168,0.4890991151332855,0.8121123909950256,0.3986838161945343,0.8153631687164307,0.3422889709472656,0.8140377998352051,0.29212290048599243,0.8369907140731812,0.5165203213691711,0.8435061573982239,0.45220088958740234,0.8430976271629333,0.4075024127960205,0.8397448062896729,0.36899688839912415
B,0.8563670516014099,0.7145975232124329,0.8251721858978271,0.6519045829772949,0.8262975215911865,0.5722985863685608,0.8776265978813171,0.52706378698349,0.9242897033691406,0.5265140533447266,0.8351520299911499,0.4814220368862152,0.8496736884117126,0.39100182056427,0.8604991436004639,0.33708131313323975,0.8690005540847778,0.2896960973739624,0.8705813884735107,0.4797119200229645,0.8839078545570374,0.3790343999862671,0.8937131762504578,0.3173255920410156,0.8992128968238831,0.26134616136550903,0.9005918502807617,0.4978443384170532,0.912609875202179,0.4068605899810791,0.9207120537757874,0.35112905502319336,0.9254981875419617,0.3023940324783325,0.9306879043579102,0.5320422649383545,0.9401360154151917,0.4655562937259674,0.9430683255195618,0.4224199652671814,0.9441989660263062,0.3854503035545349
B,0.7284334897994995,0.6929839253425598,0.6926156878471375,0.6476967334747314,0.6793995499610901,0.5745156407356262,0.7135958075523376,0.5227969288825989,0.7502915263175964,0.521198034286499,0.6764744520187378,0.4897894263267517,0.6761860251426697,0.4055006802082062,0.6770105361938477,0.35370755195617676,0.6772201061248779,0.30834370851516724,0.7059623599052429,0.4806450307369232,0.7033852934837341,0.38818666338920593,0.7026668787002563,0.3294467628002167,0.6997070908546448,0.2774549424648285,0.7350888252258301,0.4902198016643524,0.7340916991233826,0.40562742948532104,0.7333613634109497,0.35298365354537964,0.7294665575027466,0.30686402320861816,0.7648730874061584,0.5141413807868958,0.7671448588371277,0.45227986574172974,0.7644437551498413,0.41116178035736084,0.7599074244499207,0.37625864148139954
B,0.5942599177360535,0.7200924158096313,0.5334126353263855,0.6645885705947876,0.5024659633636475,0.5495542287826538,0.541195809841156,0.4598751366138458,0.5944611430168152,0.4482559561729431,0.492892324924469,0.4240952730178833,0.4838407337665558,0.30020684003829956,0.47888273000717163,0.2235676497220993,0.4757903516292572,0.1562454104423523,0.5331079959869385,0.4038395583629608,0.516963541507721,0.26836657524108887,0.507710337638855,0.1803862452507019,0.4979064166545868,0.10267031192779541,0.5760091543197632,0.4114351272583008,0.5629677772521973,0.28553205728530884,0.5540715456008911,0.2050340324640274,0.5423184037208557,0.13462743163108826,0.621404767036438,0.43949463963508606,0.6174904704093933,0.3452714681625366,0.6083002686500549,0.2836577892303467,0.5968021750450134,0.23171013593673706
B,0.6380488276481628,0.7787882685661316,0.5878610610961914,0.7329797148704529,0.5620598793029785,0.6441020369529724,0.5946993231773376,0.5788313746452332,0.6409808993339539,0.5739412903785706,0.5679526925086975,0.539251983165741,0.5667459964752197,0.44270095229148865,0.5670744180679321,0.38177767395973206,0.5685015320777893,0.3266017735004425,0.6030868887901306,0.5287781953811646,0.5981603860855103,0.42100173234939575,0.595714271068573,0.35137608647346497,0.5919318199157715,0.28896626830101013,0.6378750801086426,0.5407211780548096,0.634326159954071,0.4408337473869324,0.6312696933746338,0.3780412971973419,0.6259534955024719,0.32273954153060913,0.6723746061325073,0.5691324472427368,0.6706214547157288,0.4949282705783844,0.6657661199569702,0.4450799226760864,0.6602503657341003,0.4028039574623108
B,0.6287359595298767,0.7529608011245728,0.5833621621131897,0.7047228217124939,0.5619733929634094,0.6203808188438416,0.5907665491104126,0.5588018894195557,0.6326932907104492,0.5566760897636414,0.5682427883148193,0.5268716812133789,0.5670350790023804,0.43647098541259766,0.5673449039459229,0.3807394504547119,0.5691124796867371,0.3306361436843872,0.6003690361976624,0.5181354284286499,0.5952042937278748,0.41661572456359863,0.5928277373313904,0.3509790301322937,0.5895092487335205,0.2927979528903961,0.6329007148742676,0.5296269059181213,0.6292020082473755,0.43554452061653137,0.625990092754364,0.37747299671173096,0.6207031011581421,0.3265519440174103,0.6656603217124939,0.5558998584747314,0.6644384860992432,0.4853016138076782,0.6596714854240417,0.43838605284690857,0.6535791158676147,0.39865243434906006
B,0.5875052809715271,0.7281222343444824,0.5520501136779785,0.6908223032951355,0.5366852283477783,0.6218218207359314,0.561508297920227,0.571077287197113,0.5942529439926147,0.5740998983383179,0.5319626927375793,0.5481906533241272,0.5283958911895752,0.4746552109718323,0.5267584919929504,0.4297548830509186,0.5255475044250488,0.39050865173339844,0.5566084980964661,0.5387924313545227,0.5507010221481323,0.458306223154068,0.5479432344436646,0.4059455990791321,0.5437383651733398,0.36070120334625244,0.5825173854827881,0.5456371903419495,0.5782239437103271,0.4711087644100189,0.5753791928291321,0.4245830178260803,0.5698495507240295,0.3842551112174988,0.6089963912963867,0.5643605589866638,0.6079084277153015,0.5096938014030457,0.6041041016578674,0.4741307199001312,0.5991004705429077,0.4446680247783661
B,0.5860112905502319,0.7269378900527954,0.5533490180969238,0.6933010220527649,0.537138819694519,0.6331697106361389,0.5595220923423767,0.587934136390686,0.5901512503623962,0.5832712650299072,0.5306512713432312,0.5666751265525818,0.5259868502616882,0.49688422679901123,0.5244350433349609,0.45377498865127563,0.5232135057449341,0.4159356653690338,0.5535116791725159,0.5582562685012817,0.5464643836021423,0.4818027913570404,0.5428972840309143,0.4325753450393677,0.5383156538009644,0.388278603553772,0.5777469277381897,0.563772976398468,0.5723595023155212,0.49391549825668335,0.5686933994293213,0.44960498809814453,0.5630453824996948,0.410444438457489,0.6032207012176514,0.580095648765564,0.6020534038543701,0.5301026701927185,0.5975722670555115,0.4961543083190918,0.5919703841209412,0.4667033553123474
B,0.5975362658500671,0.7430052161216736,0.5657902359962463,0.7107753157615662,0.5509165525436401,0.6504424810409546,0.5726687908172607,0.6055387258529663,0.6015145778656006,0.6097034215927124,0.5417907238006592,0.5858870148658752,0.5363212823867798,0.5210925936698914,0.5343984365463257,0.4815477728843689,0.5328387022018433,0.44655847549438477,0.5638471245765686,0.5770471692085266,0.5567490458488464,0.507498562335968,0.553080141544342,0.4612897038459778,0.548317551612854,0.42095115780830383,0.5876146554946899,0.5819084048271179,0.5821025371551514,0.5189013481140137,0.5784539580345154,0.477929949760437,0.5725620985031128,0.4427453577518463,0.6123279333114624,0.5965802073478699,0.6105536222457886,0.5488777756690979,0.6064810156822205,0.5190215110778809,0.60130774974823,0.49469244480133057
B,0.6153241991996765,0.7462707161903381,0.5836790800094604,0.7132161259651184,0.5709803104400635,0.6620100140571594,0.5918534398078918,0.6215777397155762,0.618232250213623,0.615689754486084,0.5593596696853638,0.5962729454040527,0.553015947341919,0.5329224467277527,0.551218569278717,0.49434658885002136,0.5493102073669434,0.45929592847824097,0.5806293487548828,0.5879911780357361,0.5728784799575806,0.5198554396629333,0.5687476992607117,0.4754946529865265,0.5633528232574463,0.4351862668991089,0.6032735705375671,0.59228515625,0.5975632071495056,0.5294221043586731,0.5936217904090881,0.4890928864479065,0.5872824192047119,0.45408982038497925,0.6273150444030762,0.6064972281455994,0.6251550912857056,0.559935450553894,0.6206863522529602,0.530263364315033,0.6147910952568054,0.5055583715438843
B,0.6017204523086548,0.7327462434768677,0.570963978767395,0.7045463919639587,0.5568638443946838,0.6581722497940063,0.5761566758155823,0.6196944713592529,0.6014992594718933,0.6142960786819458,0.5435068607330322,0.6010406017303467,0.534366250038147,0.54298996925354,0.5305356383323669,0.5071282386779785,0.5270783305168152,0.47565269470214844,0.5635683536529541,0.5915788412094116,0.5526071190834045,0.5290375351905823,0.5459702014923096,0.4874517619609833,0.5390022397041321,0.4516270160675049,0.585548996925354,0.5939339399337769,0.5762150883674622,0.5372118949890137,0.570070207118988,0.5000678300857544,0.5624557137489319,0.46930810809135437,0.6091592907905579,0.6053711771965027,0.6046299338340759,0.563627302646637,0.5978959202766418,0.5380736589431763,0.5899684429168701,0.5182902812957764
B,0.5908951759338379,0.7393417358398438,0.5608679056167603,0.7121157050132751,0.5455150604248047,0.6650459170341492,0.559723973274231,0.6247183680534363,0.582425057888031,0.6151376962661743,0.5337962508201599,0.5975844264030457,0.5270070433616638,0.5374912619590759,0.5235862731933594,0.5004306435585022,0.5203313827514648,0.4671739339828491,0.5532150268554688,0.5881690382957458,0.5440077781677246,0.522254228591919,0.5384790897369385,0.47922858595848083,0.5321913957595825,0.4408078193664551,0.5747124552726746,0.5918862223625183,0.5670554637908936,0.5306402444839478,0.5619720220565796,0.4919099509716034,0.5550208687782288,0.45736226439476013,0.5981223583221436,0.6057650446891785,0.5943548083305359,0.5598059296607971,0.5893135070800781,0.5304912328720093,0.5830730199813843,0.5052387118339539
B,0.5744392275810242,0.7375651597976685,0.5449070334434509,0.713132381439209,0.5302218198776245,0.6713727116584778,0.5463572144508362,0.6357681155204773,0.5695208311080933,0.628433883190155,0.5194950103759766,0.6107653379440308,0.5118706822395325,0.5559694766998291,0.5081391334533691,0.5215058326721191,0.5049453973770142,0.4906995892524719,0.5380908846855164,0.6016635894775391,0.5287152528762817,0.5421956777572632,0.5228750705718994,0.5033648610115051,0.5163812637329102,0.4681406617164612,0.5579520463943481,0.6036629676818848,0.5515209436416626,0.5485312342643738,0.5463576316833496,0.5133795738220215,0.539637565612793,0.48256778717041016,0.5793355703353882,0.614423930644989,0.5769873261451721,0.5738961100578308,0.5722734928131104,0.54792720079422,0.5662869215011597,0.5258995294570923
B,0.5687382221221924,0.7514134645462036,0.5404012799263,0.7254771590232849,0.5274789333343506,0.6842807531356812,0.5432612895965576,0.6511724591255188,0.5653803944587708,0.6462600827217102,0.5184854865074158,0.6258429288864136,0.5114511847496033,0.5711783766746521,0.5088207125663757,0.5380405187606812,0.5068139433860779,0.5084030032157898,0.5370107293128967,0.6179976463317871,0.5286855101585388,0.5597228407859802,0.52397620677948,0.5218292474746704,0.5187577605247498,0.4879266619682312,0.5567567944526672,0.6209031343460083,0.551001787185669,0.5677880048751831,0.5469259023666382,0.5339264869689941,0.5414901375770569,0.5040259957313538,0.5777755975723267,0.6324878334999084,0.5746957659721375,0.5925126075744629,0.5704522728919983,0.5667857527732849,0.56557297706604,0.544882595539093
B,0.5122805237770081,0.7307977676391602,0.47175854444503784,0.7006509900093079,0.44569090008735657,0.6277961134910583,0.4630235433578491,0.5660783648490906,0.49818703532218933,0.5550738573074341,0.43965286016464233,0.5397417545318604,0.4323836863040924,0.4634285867214203,0.4297108054161072,0.414837509393692,0.42848825454711914,0.37305375933647156,0.4646534025669098,0.5272840261459351,0.4544510841369629,0.44261109828948975,0.44841286540031433,0.3877841830253601,0.44223645329475403,0.3397367000579834,0.4917244017124176,0.5314422845840454,0.4834308922290802,0.45187366008758545,0.47714728116989136,0.4028733968734741,0.4693211019039154,0.36012816429138184,0.5206588506698608,0.5480657815933228,0.5165342092514038,0.4896858334541321,0.5103484988212585,0.45151373744010925,0.5031364560127258,0.41846585273742676
B,0.5081948041915894,0.7379008531570435,0.46718013286590576,0.6989730000495911,0.4432767331600189,0.6345962285995483,0.44741344451904297,0.5816953778266907,0.47781282663345337,0.5898568630218506,0.45497334003448486,0.5521371960639954,0.45038580894470215,0.4776272475719452,0.44806453585624695,0.43053728342056274,0.4471982717514038,0.39030027389526367,0.47292569279670715,0.548781156539917,0.4664102792739868,0.4642298221588135,0.46160218119621277,0.40591445565223694,0.4581640660762787,0.3569454550743103,0.4915843904018402,0.5616909265518188,0.4856018126010895,0.4810536503791809,0.48094967007637024,0.43105316162109375,0.47630149126052856,0.3856651186943054,0.5120488405227661,0.5843920111656189,0.5078369379043579,0.5213724374771118,0.5052214860916138,0.4813164472579956,0.5026122331619263,0.44658610224723816
B,0.5034991502761841,0.7392106056213379,0.4605903923511505,0.7013965249061584,0.4342986047267914,0.6359424591064453,0.43358737230300903,0.5886803865432739,0.4569880962371826,0.5880930423736572,0.4448777437210083,0.5556783080101013,0.4419814348220825,0.4815899133682251,0.43987616896629333,0.4331377446651459,0.4402815103530884,0.39177048206329346,0.45943936705589294,0.5542103052139282,0.4528622627258301,0.46943533420562744,0.4481166899204254,0.4122021794319153,0.4452534317970276,0.36399582028388977,0.4766683876514435,0.5655372738838196,0.47079363465309143,0.4847854673862457,0.4662782847881317,0.4339353144168854,0.4633810818195343,0.3902091085910797,0.4951738715171814,0.586969792842865,0.4929092824459076,0.5262359976768494,0.4902462959289551,0.48552221059799194,0.4891541004180908,0.44922977685928345
B,0.507860004901886,0.7442775964736938,0.46512988209724426,0.7155160307884216,0.436219185590744,0.6480104923248291,0.4504658579826355,0.5882381200790405,0.4841279983520508,0.5762081742286682,0.42474740743637085,0.5689647197723389,0.4121396541595459,0.49457424879074097,0.4054780602455139,0.44840484857559204,0.4002837836742401,0.40800637006759644,0.4489043056964874,0.5546782612800598,0.43206191062927246,0.47340840101242065,0.42219260334968567,0.4209180474281311,0.4124048948287964,0.3753063678741455,0.476150244474411,0.5566995739936829,0.46195685863494873,0.4795752167701721,0.45310062170028687,0.43198761343955994,0.4426838159561157,0.39096570014953613,0.5056299567222595,0.5708441734313965,0.4964946508407593,0.5137040615081787,0.48711061477661133,0.47603172063827515,0.4768671691417694,0.443613737821579
B,0.5463739633560181,0.6212518811225891,0.5031846761703491,0.6081488132476807,0.4753884971141815,0.5655028223991394,0.482445627450943,0.5068963170051575,0.4981069564819336,0.46760833263397217,0.4330083727836609,0.5093453526496887,0.4001578688621521,0.4491696357727051,0.38156431913375854,0.41419678926467896,0.3642405569553375,0.383716344833374,0.45260119438171387,0.4845353960990906,0.41641533374786377,0.4225929081439972,0.3934943675994873,0.3837224245071411,0.37143921852111816,0.35043445229530334,0.4774472713470459,0.4734020233154297,0.4450858533382416,0.4170187711715698,0.4238473176956177,0.3824664056301117,0.40268582105636597,0.3553692102432251,0.5064381957054138,0.4702277183532715,0.4833241403102875,0.4266657531261444,0.4651738405227661,0.40324920415878296,0.44743797183036804,0.38587650656700134
B,0.5431077480316162,0.5979859232902527,0.504574179649353,0.5893228054046631,0.475952684879303,0.5472149848937988,0.48430532217025757,0.49020126461982727,0.505845308303833,0.4614492654800415,0.43636900186538696,0.5011876821517944,0.4060123562812805,0.44544175267219543,0.3892109990119934,0.4114183783531189,0.37310004234313965,0.3829960823059082,0.4541722536087036,0.47832539677619934,0.4209349453449249,0.4199283719062805,0.3996402323246002,0.3811330795288086,0.37920841574668884,0.34939831495285034,0.4780980348587036,0.4681641459465027,0.4498671293258667,0.4178358316421509,0.43090516328811646,0.38380295038223267,0.4117625951766968,0.3576606810092926,0.5054569244384766,0.465798020362854,0.48690423369407654,0.4274599552154541,0.47569090127944946,0.41375890374183655,0.46534818410873413,0.406390905380249
B,0.6141007542610168,0.7520543932914734,0.5685697197914124,0.7159681916236877,0.5436980724334717,0.6411520838737488,0.5695025324821472,0.5739960074424744,0.605406641960144,0.5510688424110413,0.5200018286705017,0.5406282544136047,0.5037848949432373,0.4466078281402588,0.49610549211502075,0.38969436287879944,0.48875802755355835,0.3395596146583557,0.552017092704773,0.5223776698112488,0.5318237543106079,0.4207123816013336,0.5207611322402954,0.3567119836807251,0.5083577036857605,0.29892534017562866,0.5860886573791504,0.524564802646637,0.5686020851135254,0.4312635064125061,0.558482825756073,0.37293165922164917,0.5456957817077637,0.3218105435371399,0.622627854347229,0.5420249104499817,0.6138856410980225,0.47405463457107544,0.6027665138244629,0.4304499328136444,0.5899043679237366,0.3925555944442749
B,0.6271406412124634,0.8279448747634888,0.5778129696846008,0.7849376797676086,0.5508944392204285,0.6990233063697815,0.5832517743110657,0.6292276978492737,0.6269974708557129,0.6179698705673218,0.5221186876296997,0.5934926271438599,0.5060496926307678,0.49035337567329407,0.4978688359260559,0.4261455535888672,0.4894949793815613,0.3701784014701843,0.5572671294212341,0.5737870931625366,0.537116289138794,0.4631704092025757,0.5245339274406433,0.3916493058204651,0.5103277564048767,0.3276996910572052,0.595896303653717,0.5770930051803589,0.5786860585212708,0.47500187158584595,0.5669289231300354,0.4103972911834717,0.5524643063545227,0.3532520830631256,0.6368710994720459,0.597227931022644,0.6273379921913147,0.5235028266906738,0.6148039102554321,0.47434815764427185,0.6011810302734375,0.43077516555786133
B,0.6485768556594849,0.8946567177772522,0.5952202081680298,0.8453692197799683,0.5645223259925842,0.7500261664390564,0.6051986813545227,0.6704972386360168,0.659760057926178,0.6546874046325684,0.5465155839920044,0.634300172328949,0.5304713845252991,0.520482063293457,0.5227269530296326,0.4513564705848694,0.5146324038505554,0.38978105783462524,0.5840266346931458,0.6136260032653809,0.5633108615875244,0.4911852777004242,0.5515709519386292,0.41506507992744446,0.5368815660476685,0.34689462184906006,0.6237552165985107,0.6177880764007568,0.6066393256187439,0.5043296813964844,0.5961816310882568,0.4366024136543274,0.5812287330627441,0.37704864144325256,0.6658631563186646,0.6412084698677063,0.6568679213523865,0.5581623315811157,0.6460292935371399,0.5046592354774475,0.6329920887947083,0.4592248201370239
B,0.6257476806640625,0.8144646286964417,0.5760989189147949,0.7720012068748474,0.5502071380615234,0.6915169954299927,0.5784063935279846,0.6216371655464172,0.6178812384605408,0.5987673997879028,0.532840371131897,0.5827749967575073,0.5204381942749023,0.4805161654949188,0.5154216885566711,0.419004887342453,0.5101692080497742,0.3640826940536499,0.5670842528343201,0.5655173063278198,0.5516575574874878,0.4546181559562683,0.5433351397514343,0.38590389490127563,0.5327707529067993,0.32425326108932495,0.602825403213501,0.5703096985816956,0.5896515250205994,0.4684256613254547,0.5817144513130188,0.4066310524940491,0.5700098872184753,0.3520980179309845,0.6404221653938293,0.59229576587677,0.6336198449134827,0.5167580842971802,0.6245316863059998,0.4692935347557068,0.6131600737571716,0.4287092089653015
B,0.5609973669052124,0.7298467755317688,0.5218621492385864,0.6957292556762695,0.503009557723999,0.6273853778839111,0.5299792289733887,0.5713897943496704,0.5643896460533142,0.5624325275421143,0.4908696413040161,0.5456176400184631,0.481324702501297,0.46720993518829346,0.47667086124420166,0.42034879326820374,0.4724624752998352,0.3789428472518921,0.5178486108779907,0.5321683883666992,0.5048685073852539,0.44775116443634033,0.49773237109184265,0.3940300941467285,0.4895675480365753,0.34677714109420776,0.5463787317276001,0.5364423394203186,0.5354858040809631,0.4583824574947357,0.5289719104766846,0.41049766540527344,0.5200201869010925,0.3683072030544281,0.5763576626777649,0.5534580945968628,0.5711401104927063,0.49600934982299805,0.5641552805900574,0.45978185534477234,0.5565335154533386,0.4287288784980774
B,0.6382368206977844,0.7132689952850342,0.5802004933357239,0.7017595171928406,0.5312408208847046,0.6801832914352417,0.495216965675354,0.6782751083374023,0.4624623954296112,0.6655110716819763,0.5383808612823486,0.5625163316726685,0.513525128364563,0.4899977147579193,0.48278361558914185,0.479869544506073,0.46071967482566833,0.4919450581073761,0.5513438582420349,0.5557102560997009,0.5233942866325378,0.4664863646030426,0.4841899275779724,0.46431076526641846,0.46030861139297485,0.4923809766769409,0.5624104738235474,0.5571134686470032,0.5349761843681335,0.4692208766937256,0.4940546751022339,0.46399176120758057,0.4686921536922455,0.4859694838523865,0.5708943605422974,0.5676801204681396,0.545508861541748,0.5051001906394958,0.5138928890228271,0.48708200454711914,0.4902228116989136,0.49169182777404785
C,0.6682384610176086,0.6895191669464111,0.6194546818733215,0.6735033392906189,0.5749478936195374,0.6501317620277405,0.5396713018417358,0.6476327776908875,0.5094560384750366,0.6417295336723328,0.5963290929794312,0.5441136956214905,0.5756340026855469,0.47162216901779175,0.5479037761688232,0.4580029547214508,0.5245757102966309,0.4648873507976532,0.6073928475379944,0.5402824878692627,0.582053542137146,0.4596838355064392,0.5475000739097595,0.4525647759437561,0.5240613222122192,0.4712001383304596,0.6147942543029785,0.5440681576728821,0.5896201133728027,0.4682437777519226,0.5554405450820923,0.4577789604663849,0.5317280292510986,0.46941888332366943,0.6183542609214783,0.555121123790741,0.5978764891624451,0.49895375967025757,0.5733104944229126,0.4772953689098358,0.5529489517211914,0.4732009470462799
C,0.6876221895217896,0.6896117329597473,0.6316540241241455,0.6704095005989075,0.5840398669242859,0.6473151445388794,0.5471863150596619,0.6458054780960083,0.5151162147521973,0.6352627277374268,0.6045501828193665,0.5322235822677612,0.5831612348556519,0.45347413420677185,0.5536678433418274,0.44112250208854675,0.5285144448280334,0.4529416859149933,0.6157949566841125,0.5302402377128601,0.5899645686149597,0.4442227780818939,0.5533438324928284,0.4382779598236084,0.5276167392730713,0.4600967764854431,0.6236662268638611,0.5351319313049316,0.5992053747177124,0.4531676769256592,0.5638858675956726,0.4415920376777649,0.5381487607955933,0.454477995634079,0.6287130117416382,0.5461690425872803,0.6100388169288635,0.4858919382095337,0.5849230885505676,0.4621165990829468,0.5631334781646729,0.4567411243915558
C,0.6740882992744446,0.6899873614311218,0.621585488319397,0.6754871606826782,0.5762884020805359,0.6549239158630371,0.54059237241745,0.6545558571815491,0.5099234580993652,0.6458003520965576,0.595061719417572,0.5427671074867249,0.5733543634414673,0.47382789850234985,0.546602725982666,0.4612472355365753,0.523354172706604,0.46906179189682007,0.6054327487945557,0.5388827323913574,0.5802393555641174,0.46200019121170044,0.5461719036102295,0.45550966262817383,0.5214455127716064,0.47450175881385803,0.6131672859191895,0.5420312285423279,0.5889773368835449,0.4670555591583252,0.5551998019218445,0.45674318075180054,0.5301088690757751,0.4689648747444153,0.6185200810432434,0.5519155263900757,0.5992613434791565,0.4964442551136017,0.574411928653717,0.47525447607040405,0.5525062084197998,0.47119140625
C,0.6708759069442749,0.6875101327896118,0.6212068200111389,0.6711618900299072,0.5779083371162415,0.6514413952827454,0.5444579124450684,0.6495873332023621,0.5145883560180664,0.6402298808097839,0.5969112515449524,0.5438557267189026,0.5755004286766052,0.47125816345214844,0.5483877062797546,0.4580078721046448,0.525468111038208,0.46810224652290344,0.608067512512207,0.5407779216766357,0.5840484499931335,0.46203458309173584,0.5510877370834351,0.4553338289260864,0.5275793671607971,0.47450336813926697,0.6162355542182922,0.5451909303665161,0.5926671028137207,0.47184741497039795,0.5610364079475403,0.46087419986724854,0.5378910303115845,0.4718262553215027,0.621531069278717,0.5572991967201233,0.6035837531089783,0.5035319328308105,0.5813698768615723,0.4811673164367676,0.5621954202651978,0.47508227825164795
C,0.6656670570373535,0.6909883618354797,0.6174886226654053,0.6754189729690552,0.5749403238296509,0.6527369022369385,0.541602373123169,0.6497876048088074,0.5124722719192505,0.6417016983032227,0.5936651229858398,0.5479609370231628,0.5764235258102417,0.47643131017684937,0.5513656139373779,0.46252959966659546,0.5293954610824585,0.4714072644710541,0.604569673538208,0.5449168086051941,0.5835421085357666,0.46793150901794434,0.5523566007614136,0.45875775814056396,0.5292877554893494,0.4763837456703186,0.6133115887641907,0.5489953756332397,0.5926197171211243,0.47664302587509155,0.5620212554931641,0.46330946683883667,0.5386427640914917,0.47267982363700867,0.6198434829711914,0.5602869391441345,0.6027270555496216,0.5083239078521729,0.581501841545105,0.485322505235672,0.5624971389770508,0.4781504273414612
C,0.5836893320083618,0.6547679901123047,0.5460265278816223,0.6595657467842102,0.5106679797172546,0.6536308526992798,0.4852326214313507,0.6594091057777405,0.46293479204177856,0.6623721122741699,0.5064718127250671,0.5682020783424377,0.4879330098628998,0.5182074308395386,0.46780791878700256,0.5108705163002014,0.453044056892395,0.5204747915267944,0.5135155320167542,0.5614445805549622,0.4907580018043518,0.5053644180297852,0.46616649627685547,0.5046463012695312,0.4513050317764282,0.5225400328636169,0.5195839405059814,0.5601522326469421,0.4969725012779236,0.5070565342903137,0.47116807103157043,0.5050861835479736,0.4548410475254059,0.5185311436653137,0.5248708724975586,0.5647966861724854,0.5066720843315125,0.5254491567611694,0.4856047034263611,0.5139142870903015,0.4692651927471161,0.5154077410697937
C,0.5602077841758728,0.6372377276420593,0.5250623226165771,0.6434381008148193,0.49290645122528076,0.6375924348831177,0.4686571955680847,0.6418477296829224,0.44777798652648926,0.6465022563934326,0.48707669973373413,0.5574213862419128,0.46888113021850586,0.5114830732345581,0.4496842622756958,0.5030972361564636,0.43396633863449097,0.5097783803939819,0.49363991618156433,0.5518455505371094,0.4724089801311493,0.5018742084503174,0.4493664503097534,0.4983205199241638,0.4338741600513458,0.511633038520813,0.49967440962791443,0.5512772798538208,0.4789601266384125,0.5036553740501404,0.4557003676891327,0.4990912973880768,0.43947985768318176,0.508098304271698,0.5053670406341553,0.5562034845352173,0.4893171489238739,0.5206425189971924,0.470896452665329,0.5089542269706726,0.4558824896812439,0.5083110332489014
C,0.7462342381477356,0.8900095820426941,0.6577866077423096,0.8604557514190674,0.5930761098861694,0.8117660284042358,0.5430156588554382,0.7959440350532532,0.49711281061172485,0.7853168249130249,0.61458820104599,0.6646767258644104,0.5875247716903687,0.5527133941650391,0.5488978028297424,0.5271533727645874,0.5158215761184692,0.5331809520721436,0.6315183639526367,0.6586652398109436,0.6012824773788452,0.5278208255767822,0.5513386130332947,0.5137811303138733,0.5147452354431152,0.5423213243484497,0.6463014483451843,0.6662353873252869,0.6178470253944397,0.5382598638534546,0.5680937767028809,0.5192527770996094,0.5307219624519348,0.5349866151809692,0.6581834554672241,0.6842603087425232,0.633514404296875,0.59812331199646,0.5974431037902832,0.5583426356315613,0.5659734010696411,0.5404093265533447
C,0.7134135961532593,0.9411424398422241,0.627329409122467,0.9006186723709106,0.5659602284431458,0.8688993453979492,0.5088626146316528,0.869144856929779,0.45671170949935913,0.8699504733085632,0.6098154187202454,0.7251392006874084,0.5586724877357483,0.6559388637542725,0.5105175971984863,0.6648041605949402,0.4782150983810425,0.6961238384246826,0.6252766847610474,0.7194857001304626,0.5722533464431763,0.5743550062179565,0.5139274001121521,0.5655033588409424,0.47267255187034607,0.5962415337562561,0.6340950131416321,0.7357730865478516,0.5896903872489929,0.5970540046691895,0.5302976369857788,0.5735188722610474,0.4883314371109009,0.5807771682739258,0.6306761503219604,0.7656610012054443,0.5981423258781433,0.6729426980018616,0.5574344992637634,0.6279267072677612,0.5202128887176514,0.5983834266662598
C,0.6578850746154785,0.8048801422119141,0.6048377752304077,0.7881956696510315,0.5556849241256714,0.7647985219955444,0.5120788216590881,0.7641241550445557,0.4749326705932617,0.7630915641784668,0.5736153721809387,0.643643856048584,0.5513474345207214,0.5726580619812012,0.5240428447723389,0.5497878789901733,0.5012742877006531,0.5503690242767334,0.585852861404419,0.6363481283187866,0.561787486076355,0.5532568693161011,0.5268986225128174,0.5362940430641174,0.49869322776794434,0.5472058653831482,0.5957099795341492,0.6367496252059937,0.5717706084251404,0.5536689758300781,0.5368571877479553,0.5347505211830139,0.510581374168396,0.5423271059989929,0.6014421582221985,0.6456735134124756,0.5790086388587952,0.5833263397216797,0.5531229972839355,0.5570648908615112,0.5303337574005127,0.5499857068061829
C,0.5875998735427856,0.5511239767074585,0.5306394100189209,0.5616539120674133,0.4689072370529175,0.5534094572067261,0.42360615730285645,0.570617139339447,0.3870413303375244,0.5897766947746277,0.4620736539363861,0.4213717579841614,0.4333712160587311,0.3500553369522095,0.4042154848575592,0.33113861083984375,0.379120409488678,0.33422547578811646,0.47552090883255005,0.4096129536628723,0.44063159823417664,0.33091169595718384,0.4025082588195801,0.31845277547836304,0.3731227517127991,0.3341307044029236,0.4888645112514496,0.4062179923057556,0.45177361369132996,0.32837340235710144,0.412326842546463,0.315832257270813,0.3824586570262909,0.328024685382843,0.5000925064086914,0.4124094843864441,0.46882757544517517,0.35562825202941895,0.43762609362602234,0.3352302610874176,0.4104742705821991,0.33267664909362793
C,0.4556639790534973,0.5488162636756897,0.39536964893341064,0.5639475584030151,0.33226248621940613,0.5583651661872864,0.2896856665611267,0.5740393996238708,0.25350648164749146,0.5800127983093262,0.3253800868988037,0.41389200091362,0.28310877084732056,0.3424558639526367,0.24868148565292358,0.3318452835083008,0.2224748134613037,0.3398977518081665,0.33428850769996643,0.3992879390716553,0.2830207943916321,0.318103551864624,0.2413804531097412,0.31787681579589844,0.21778768301010132,0.3408457040786743,0.33888381719589233,0.39621827006340027,0.2872171700000763,0.31675928831100464,0.24511955678462982,0.31689274311065674,0.21797674894332886,0.33477070927619934,0.3359825909137726,0.4031376838684082,0.2919195294380188,0.33747488260269165,0.2558726370334625,0.32831865549087524,0.22955143451690674,0.3373129367828369
C,0.6773447394371033,0.5607107281684875,0.6257217526435852,0.5516099333763123,0.5842845439910889,0.5386895537376404,0.5527324676513672,0.5442858338356018,0.5244994163513184,0.5488263368606567,0.5901870131492615,0.44415953755378723,0.5717633962631226,0.3740886449813843,0.5463355779647827,0.3621738851070404,0.5257939100265503,0.3721887469291687,0.6006143093109131,0.4421886205673218,0.573821485042572,0.3647427558898926,0.5433939695358276,0.3597707152366638,0.5232523679733276,0.3785151243209839,0.6092052459716797,0.44892024993896484,0.58238685131073,0.3774871826171875,0.5528233647346497,0.3659670352935791,0.5317984819412231,0.37345659732818604,0.6151431798934937,0.46346381306648254,0.5974181294441223,0.41951698064804077,0.5773007869720459,0.39720600843429565,0.560065746307373,0.38447362184524536
C,0.6524520516395569,0.5843204259872437,0.6069613099098206,0.5861459374427795,0.5642926096916199,0.5779808163642883,0.5326822996139526,0.5898337960243225,0.504235029220581,0.6002072095870972,0.5543326735496521,0.475657194852829,0.5327658653259277,0.4095578193664551,0.5082109570503235,0.39758387207984924,0.48881030082702637,0.4085700511932373,0.5657839775085449,0.4713561534881592,0.5417057871818542,0.40163567662239075,0.5130212903022766,0.3938179612159729,0.4918941855430603,0.41007813811302185,0.5806227922439575,0.4747845232486725,0.5560513138771057,0.4092382490634918,0.5286882519721985,0.3952624797821045,0.5065468549728394,0.400579035282135,0.5979904532432556,0.4871870279312134,0.5805149078369141,0.4416007101535797,0.5592091679573059,0.4192357659339905,0.5393500328063965,0.4077490568161011
C,0.64893639087677,0.5917985439300537,0.6000891923904419,0.5847190022468567,0.5552049279212952,0.5693671703338623,0.5202435851097107,0.5767339468002319,0.4891069531440735,0.5828870534896851,0.5546697974205017,0.46031665802001953,0.5380236506462097,0.3922894597053528,0.5144639611244202,0.37655895948410034,0.49394476413726807,0.3835965096950531,0.5662683248519897,0.45737966895103455,0.5460370182991028,0.38402047753334045,0.517441987991333,0.37251749634742737,0.49480798840522766,0.38570436835289,0.5805734395980835,0.46312835812568665,0.5592347979545593,0.3923574686050415,0.531947135925293,0.37495219707489014,0.5087841153144836,0.3768213987350464,0.596908450126648,0.4786115884780884,0.5820075869560242,0.4299529790878296,0.5623767971992493,0.4036819636821747,0.5434153079986572,0.38750118017196655
C,0.7308098077774048,0.6792263984680176,0.6820294260978699,0.667161762714386,0.6402478814125061,0.6432514190673828,0.6053288578987122,0.6389920115470886,0.5750564932823181,0.6385685801506042,0.6685003042221069,0.5460202097892761,0.6266846656799316,0.4903797507286072,0.5943849682807922,0.4887729585170746,0.5691474080085754,0.5012614727020264,0.675163745880127,0.5423167943954468,0.6236603260040283,0.4775654673576355,0.587486743927002,0.48167625069618225,0.564992368221283,0.5026580691337585,0.67544025182724,0.5508316159248352,0.6277874112129211,0.4851868748664856,0.5918403267860413,0.48224443197250366,0.5685017108917236,0.49556639790534973,0.6677863001823425,0.5665422081947327,0.6320606470108032,0.5176141262054443,0.6062104105949402,0.5023385286331177,0.5860097408294678,0.4994959533214569
C,0.729678750038147,0.6760188937187195,0.6819237470626831,0.6713178157806396,0.6394931077957153,0.6535851359367371,0.605017364025116,0.6513607501983643,0.5742713212966919,0.6480420827865601,0.6595484614372253,0.550163745880127,0.6116260290145874,0.5026772022247314,0.580133318901062,0.5119133591651917,0.5626704096794128,0.5340592861175537,0.6664454340934753,0.544448733329773,0.6069850921630859,0.4897543787956238,0.572429895401001,0.5049647092819214,0.5576724410057068,0.5331242680549622,0.6672313809394836,0.5541784167289734,0.6103180646896362,0.49631932377815247,0.5750951766967773,0.5051978230476379,0.5583040714263916,0.5280625224113464,0.6597859859466553,0.5735917091369629,0.614461362361908,0.527695894241333,0.5865857601165771,0.5218642950057983,0.570318341255188,0.5290687084197998
C,0.7335498332977295,0.6792277693748474,0.6767838001251221,0.6667063236236572,0.6304298639297485,0.6460908651351929,0.5947265028953552,0.6454834342002869,0.5642539262771606,0.6407169103622437,0.6517084240913391,0.5406643152236938,0.6228429079055786,0.4764116406440735,0.5933822393417358,0.462565153837204,0.5666840076446533,0.46487554907798767,0.660159170627594,0.5360621213912964,0.6238457560539246,0.4547647535800934,0.5876612067222595,0.4487535357475281,0.5612372756004333,0.46510860323905945,0.6626875400543213,0.5436348915100098,0.6272139549255371,0.4668162167072296,0.5908522605895996,0.45558807253837585,0.5651063919067383,0.4646660387516022,0.656963586807251,0.5586143732070923,0.6280129551887512,0.5052719712257385,0.601464569568634,0.48351603746414185,0.5793081521987915,0.4744137227535248
C,0.7114878296852112,0.6809158325195312,0.6665592193603516,0.6691651344299316,0.6279674768447876,0.6454027891159058,0.5953449606895447,0.6406250596046448,0.5659011006355286,0.6394502520561218,0.6534613966941833,0.5497057437896729,0.6123397946357727,0.4944846034049988,0.580122172832489,0.49405917525291443,0.5577590465545654,0.5077055096626282,0.6597548127174377,0.5467214584350586,0.6099216341972351,0.48017147183418274,0.5745149254798889,0.48602500557899475,0.5547706484794617,0.5081126093864441,0.6583147048950195,0.5575055480003357,0.6109035015106201,0.49287325143814087,0.5757978558540344,0.48963093757629395,0.5540755987167358,0.5020406246185303,0.6481051445007324,0.5769439935684204,0.609707772731781,0.5304032564163208,0.583516538143158,0.5171831250190735,0.5645809173583984,0.5158641934394836
C,0.6222848892211914,0.6571848392486572,0.5835347175598145,0.6633728742599487,0.5461537837982178,0.6618393659591675,0.5186004638671875,0.6718160510063171,0.49402183294296265,0.6777610182762146,0.5313223600387573,0.5730540156364441,0.5067036747932434,0.525957465171814,0.4833453297615051,0.5221619606018066,0.4667285680770874,0.5346813201904297,0.5394805669784546,0.5670020580291748,0.5119560956954956,0.5162606239318848,0.4850943088531494,0.5169715285301208,0.4668375551700592,0.5337048768997192,0.5496480464935303,0.5662106275558472,0.5220373868942261,0.5180876851081848,0.49511000514030457,0.5162287950515747,0.4765355587005615,0.5284313559532166,0.5621310472488403,0.5718311667442322,0.5402377247810364,0.5375218987464905,0.5184028148651123,0.5279195308685303,0.5006662011146545,0.5288681983947754
C,0.931533694267273,0.8564884662628174,0.8131533861160278,0.8277373313903809,0.7369084358215332,0.7923880815505981,0.6723122596740723,0.7977480292320251,0.6177074313163757,0.8147978782653809,0.7783488631248474,0.61747145652771,0.6850477457046509,0.5429609417915344,0.6259458065032959,0.5344481468200684,0.5794371962547302,0.5406328439712524,0.7911044359207153,0.6104137897491455,0.6721249222755432,0.5210723280906677,0.6099504828453064,0.5180951356887817,0.5697709918022156,0.5411642789840698,0.7909097075462341,0.6359460949897766,0.6777214407920837,0.5356065034866333,0.6118198037147522,0.524739146232605,0.564266562461853,0.5317444205284119,0.7737473845481873,0.6851024627685547,0.6870617270469666,0.5942990779876709,0.6342852711677551,0.5581159591674805,0.5902476906776428,0.5386268496513367
C,0.7302522659301758,0.7565052509307861,0.6427611112594604,0.7395427227020264,0.5655744075775146,0.7146846055984497,0.5050948858261108,0.7244952917098999,0.45113271474838257,0.7451295852661133,0.5726754665374756,0.5512451529502869,0.5218981504440308,0.455275297164917,0.4743984639644623,0.4414929151535034,0.43969184160232544,0.4577411413192749,0.5877387523651123,0.5413706302642822,0.5280245542526245,0.4310670495033264,0.47255808115005493,0.43104416131973267,0.4413629174232483,0.4649698734283447,0.6026355028152466,0.5484195351600647,0.5439198613166809,0.4410340189933777,0.48749473690986633,0.4348295331001282,0.45518389344215393,0.45749157667160034,0.6155874729156494,0.5671707391738892,0.5713894963264465,0.48563894629478455,0.5242751240730286,0.4598258435726166,0.49029791355133057,0.460711270570755
C,0.7215403318405151,0.7517476081848145,0.6385714411735535,0.7404748201370239,0.564070999622345,0.7162909507751465,0.5067963004112244,0.7238234281539917,0.45857569575309753,0.7359346747398376,0.5696863532066345,0.5517160296440125,0.5213382840156555,0.45543044805526733,0.47323206067085266,0.4407562017440796,0.43760010600090027,0.45607277750968933,0.5848997831344604,0.5408408045768738,0.5259593725204468,0.4296082556247711,0.470001220703125,0.4275915026664734,0.43704867362976074,0.4602183997631073,0.5988119840621948,0.545854926109314,0.5403804779052734,0.43927955627441406,0.4836113154888153,0.4332086443901062,0.44981348514556885,0.4554089307785034,0.6103880405426025,0.5618897676467896,0.5639535188674927,0.4847823977470398,0.517523467540741,0.45950964093208313,0.483341783285141,0.4591186046600342
C,0.7264652252197266,0.7333085536956787,0.6555896997451782,0.723724901676178,0.5920495390892029,0.7041337490081787,0.5447225570678711,0.7109813690185547,0.5021296739578247,0.719338059425354,0.5890013575553894,0.5598542094230652,0.551059365272522,0.474973201751709,0.5147427916526794,0.4607902765274048,0.4869609475135803,0.4728805124759674,0.6036760210990906,0.5496786832809448,0.5614933371543884,0.44933024048805237,0.516521155834198,0.4430857300758362,0.48493167757987976,0.4704572260379791,0.6195681095123291,0.5506321787834167,0.5760442614555359,0.4532831609249115,0.5296018123626709,0.44333019852638245,0.496766597032547,0.46235206723213196,0.6354817748069763,0.5628024935722351,0.597453236579895,0.4947015345096588,0.5615272521972656,0.46864762902259827,0.5312749147415161,0.4629746675491333
C,0.7544767260551453,0.7424203157424927,0.6755186319351196,0.7433810830116272,0.613212525844574,0.7511864900588989,0.5678989887237549,0.7846503853797913,0.5250572562217712,0.8160947561264038,0.5927081108093262,0.6077280044555664,0.5167052745819092,0.544893741607666,0.46911826729774475,0.5593820810317993,0.4371185302734375,0.5947944521903992,0.6049203872680664,0.6008732318878174,0.5118663311004639,0.5219201445579529,0.461046040058136,0.5451683402061462,0.43382179737091064,0.5892770290374756,0.6182968616485596,0.6146678924560547,0.5293768048286438,0.5365992188453674,0.47919386625289917,0.5462904572486877,0.45176827907562256,0.5749627351760864,0.6261711716651917,0.6427930593490601,0.5684003829956055,0.585839569568634,0.5282673239707947,0.5714884400367737,0.49931544065475464,0.5717040300369263
C,0.7437983751296997,0.7232135534286499,0.6760762929916382,0.6960350275039673,0.6184875965118408,0.6539372205734253,0.5717857480049133,0.6398764848709106,0.5335783958435059,0.6083171367645264,0.6587299108505249,0.4989628791809082,0.6408402919769287,0.40463054180145264,0.6081851124763489,0.37713104486465454,0.5761170387268066,0.37701496481895447,0.6728328466415405,0.49460214376449585,0.6543524861335754,0.38583508133888245,0.6118976473808289,0.36276382207870483,0.5756644010543823,0.37679946422576904,0.6841722726821899,0.4971439242362976,0.6662317514419556,0.3905237317085266,0.6241855621337891,0.3635443449020386,0.5891828536987305,0.37039321660995483,0.6917287707328796,0.5071736574172974,0.6736359596252441,0.425559401512146,0.6427038908004761,0.3888089656829834,0.6132451295852661,0.3778607249259949
C,0.7510132789611816,0.7306479811668396,0.6776722073554993,0.7170493602752686,0.617229163646698,0.7002437114715576,0.571282684803009,0.7060407996177673,0.5303414463996887,0.7015483379364014,0.6164204478263855,0.5543901324272156,0.5761626958847046,0.4561835527420044,0.534385085105896,0.4470900893211365,0.5040103197097778,0.46610918641090393,0.6282421350479126,0.5463444590568542,0.5800297260284424,0.43663763999938965,0.5322384834289551,0.4367806315422058,0.504238486289978,0.4679276645183563,0.6378312706947327,0.5513247847557068,0.5902639031410217,0.44412660598754883,0.5418646931648254,0.43813538551330566,0.5134561657905579,0.462216317653656,0.6440787315368652,0.5663892030715942,0.6037518978118896,0.48788905143737793,0.5646964907646179,0.46530795097351074,0.5370489358901978,0.4689840078353882
A,0.0965922400355339,0.6174510717391968,0.1740351766347885,0.6101232767105103,0.25212591886520386,0.538514256477356,0.28906089067459106,0.45149967074394226,0.3155532479286194,0.3810931444168091,0.2415303885936737,0.4361240863800049,0.26114851236343384,0.3743866980075836,0.23101085424423218,0.4492384195327759,0.21482998132705688,0.4968205392360687,0.1966833472251892,0.41752445697784424,0.20958742499351501,0.3579300343990326,0.1827271282672882,0.45738685131073,0.17454369366168976,0.5089786648750305,0.15041448175907135,0.409516841173172,0.15841065347194672,0.3631747364997864,0.13882599771022797,0.46665531396865845,0.13416478037834167,0.5176785588264465,0.10135719180107117,0.40792015194892883,0.11210992187261581,0.3710501790046692,0.10265155881643295,0.44541117548942566,0.09951874613761902,0.48487988114356995
A,0.1394616961479187,0.6046648025512695,0.20684801042079926,0.5890300869941711,0.2639792263507843,0.5190114378929138,0.29075515270233154,0.4417610168457031,0.3115731179714203,0.3807600140571594,0.248489111661911,0.4393562972545624,0.26394376158714294,0.3820345401763916,0.24429598450660706,0.4446820616722107,0.23109622299671173,0.4878765642642975,0.20995356142520905,0.4305671751499176,0.22076737880706787,0.376589834690094,0.20510165393352509,0.4585748612880707,0.19831864535808563,0.5039427280426025,0.1698748916387558,0.43031567335128784,0.1783694475889206,0.3864211440086365,0.16917988657951355,0.4716927111148834,0.16637642681598663,0.5158122777938843,0.12737303972244263,0.4356819987297058,0.139042466878891,0.4019522964954376,0.13744717836380005,0.4626785218715668,0.13598568737506866,0.49642035365104675
A,0.1509334295988083,0.5953021049499512,0.2124899923801422,0.584343433380127,0.2654692232608795,0.5222434997558594,0.2893388271331787,0.45124709606170654,0.30864769220352173,0.3955874443054199,0.2507215738296509,0.4449925124645233,0.26692211627960205,0.3907206654548645,0.24945273995399475,0.4480920732021332,0.2363838106393814,0.4912031888961792,0.21583057940006256,0.436189204454422,0.22722789645195007,0.3868158161640167,0.21354468166828156,0.4596923887729645,0.20758211612701416,0.5013898611068726,0.17934317886829376,0.43418964743614197,0.18824630975723267,0.39649850130081177,0.1800379902124405,0.4722922444343567,0.1773563027381897,0.5122280120849609,0.14038735628128052,0.4371078610420227,0.15267661213874817,0.40790024399757385,0.15091544389724731,0.46318161487579346,0.14906847476959229,0.49514368176460266
A,0.16854789853096008,0.5838875770568848,0.21726742386817932,0.5897858142852783,0.27372637391090393,0.5422831177711487,0.29540374875068665,0.4709945321083069,0.3123732805252075,0.4167829751968384,0.27177321910858154,0.46236345171928406,0.27740737795829773,0.41607987880706787,0.2552143931388855,0.4651104211807251,0.24654856324195862,0.5019032955169678,0.23876044154167175,0.4472355544567108,0.24312199652194977,0.4021402597427368,0.22253191471099854,0.4705185890197754,0.21896548569202423,0.5087243914604187,0.2075890302658081,0.438655823469162,0.20670077204704285,0.4029213488101959,0.1931387335062027,0.4722417891025543,0.19388940930366516,0.5088987946510315,0.1751837581396103,0.43407443165779114,0.17726244032382965,0.40754401683807373,0.16946706175804138,0.45895126461982727,0.1710316389799118,0.48833125829696655
A,0.28750744462013245,0.5728328227996826,0.40370097756385803,0.536853551864624,0.4968225359916687,0.42122185230255127,0.5437655448913574,0.2907921075820923,0.5807303190231323,0.18840372562408447,0.479623019695282,0.29656949639320374,0.5124495029449463,0.19030408561229706,0.47795748710632324,0.2946010231971741,0.4513399004936218,0.3772565722465515,0.41694679856300354,0.280135840177536,0.4419534504413605,0.18082432448863983,0.41329577565193176,0.31368598341941833,0.3984997868537903,0.3996163010597229,0.35160115361213684,0.2774341404438019,0.36782971024513245,0.19569922983646393,0.3510088324546814,0.33811575174331665,0.34540218114852905,0.4223199486732483,0.2818411588668823,0.2844066023826599,0.302903413772583,0.21626761555671692,0.30002182722091675,0.32088255882263184,0.29907792806625366,0.38893595337867737
A,0.3035275936126709,0.5892959833145142,0.40981897711753845,0.5230080485343933,0.4815756380558014,0.3937464654445648,0.5210517644882202,0.27160555124282837,0.5495972633361816,0.16658011078834534,0.43968793749809265,0.2753763794898987,0.47623735666275024,0.18058985471725464,0.4703933894634247,0.2794604003429413,0.4507928490638733,0.36176595091819763,0.387867271900177,0.2715924084186554,0.4225403666496277,0.1837465614080429,0.41449275612831116,0.31077736616134644,0.3974354863166809,0.3965911567211151,0.32893800735473633,0.280561625957489,0.36394283175468445,0.20288781821727753,0.3626053035259247,0.3366830348968506,0.35143613815307617,0.42111736536026,0.2630488872528076,0.3010944426059723,0.3014445900917053,0.24486523866653442,0.31388232111930847,0.3372735381126404,0.3100258409976959,0.40079131722450256
A,0.3498716354370117,0.5705841183662415,0.4391527473926544,0.5149317979812622,0.4987867474555969,0.3944110870361328,0.5297120809555054,0.2828556001186371,0.5543454885482788,0.190460667014122,0.452576607465744,0.2883753180503845,0.4880353510379791,0.20023931562900543,0.48615962266921997,0.2874050736427307,0.47147637605667114,0.3651008903980255,0.4066833257675171,0.2881697118282318,0.4409251809120178,0.2105332463979721,0.4365852475166321,0.32336586713790894,0.42336341738700867,0.4037048816680908,0.3538598418235779,0.3001615107059479,0.38813358545303345,0.22908833622932434,0.3894737958908081,0.34996676445007324,0.3807447850704193,0.4302906095981598,0.2941758334636688,0.32225164771080017,0.33340707421302795,0.2666567862033844,0.34561794996261597,0.3484121859073639,0.3413967192173004,0.4083045721054077
A,0.35820716619491577,0.5653934478759766,0.434408962726593,0.536190390586853,0.4916687309741974,0.45369789004325867,0.522933840751648,0.3702002167701721,0.5468009114265442,0.3031896948814392,0.47086140513420105,0.3661748468875885,0.49284034967422485,0.3017127513885498,0.4765021800994873,0.37364810705184937,0.46061983704566956,0.4283190965652466,0.4303938150405884,0.3609577417373657,0.4501928389072418,0.30093979835510254,0.43633782863616943,0.3895067870616913,0.42601773142814636,0.44556260108947754,0.38664090633392334,0.3646209239959717,0.40585246682167053,0.31244924664497375,0.39862364530563354,0.40598440170288086,0.3928453028202057,0.4610608220100403,0.3395492732524872,0.3751795291900635,0.362577348947525,0.33305761218070984,0.3658831715583801,0.3991302251815796,0.36404183506965637,0.4429442882537842
A,0.35181349515914917,0.5437238216400146,0.4142303168773651,0.5224670171737671,0.46252793073654175,0.4556063413619995,0.48599863052368164,0.3837687373161316,0.5062545537948608,0.32883358001708984,0.44622907042503357,0.38345012068748474,0.4632827639579773,0.32803216576576233,0.4501011371612549,0.3853221535682678,0.4367421269416809,0.43129417300224304,0.4123784303665161,0.37840381264686584,0.4266406297683716,0.32631057500839233,0.4148477017879486,0.39837777614593506,0.406257688999176,0.4455414414405823,0.376091331243515,0.38041433691978455,0.38994184136390686,0.33746686577796936,0.3828527629375458,0.4142073690891266,0.3781985342502594,0.4596540629863739,0.3362741470336914,0.38813671469688416,0.3536982536315918,0.3551720976829529,0.35519087314605713,0.40893682837486267,0.3538189232349396,0.44329512119293213
A,0.35167941451072693,0.549017608165741,0.4051934778690338,0.5287293791770935,0.44596731662750244,0.4686272144317627,0.4659373164176941,0.4066714346408844,0.48189619183540344,0.35796332359313965,0.4313241243362427,0.40766388177871704,0.4458889961242676,0.35807573795318604,0.4358479082584381,0.40789157152175903,0.42469802498817444,0.4481965899467468,0.40174633264541626,0.40392786264419556,0.41374510526657104,0.3583580255508423,0.40391460061073303,0.4211786985397339,0.39623531699180603,0.4608573317527771,0.36943820118904114,0.40603306889533997,0.38021090626716614,0.37120410799980164,0.3744123578071594,0.4374275803565979,0.37026309967041016,0.4744817018508911,0.33404409885406494,0.4126822352409363,0.3487103581428528,0.38287004828453064,0.35034844279289246,0.4294653832912445,0.34849128127098083,0.45835477113723755
A,0.32448872923851013,0.5514053106307983,0.37013354897499084,0.5352848768234253,0.4066374599933624,0.4805326461791992,0.42425036430358887,0.4247630536556244,0.4395640194416046,0.3821347653865814,0.3944619297981262,0.4241552948951721,0.40688571333885193,0.3844718933105469,0.3979359567165375,0.43093636631965637,0.3883960247039795,0.464958131313324,0.36777666211128235,0.42008012533187866,0.3794006109237671,0.38297194242477417,0.3720799684524536,0.44006749987602234,0.3657132685184479,0.47249484062194824,0.33882397413253784,0.4216591715812683,0.3494325578212738,0.3937597870826721,0.3458375632762909,0.45282861590385437,0.3419835567474365,0.4827747344970703,0.30746617913246155,0.4277278482913971,0.32167789340019226,0.40477240085601807,0.32406625151634216,0.44690802693367004,0.3218633830547333,0.47047948837280273
A,0.09576950967311859,0.5985785126686096,0.13864445686340332,0.5782088041305542,0.17075727880001068,0.5307681560516357,0.1843106895685196,0.4837813377380371,0.19195476174354553,0.44362708926200867,0.15674272179603577,0.48607325553894043,0.16512194275856018,0.4478295147418976,0.15787389874458313,0.4786106050014496,0.1502700001001358,0.5132509469985962,0.13161051273345947,0.48286548256874084,0.1396712213754654,0.4460952877998352,0.1325990855693817,0.488928884267807,0.12781599164009094,0.5258681178092957,0.10472116619348526,0.48510709404945374,0.11204739660024643,0.4558996856212616,0.10831980407238007,0.5020819902420044,0.10627855360507965,0.5354965925216675,0.07563282549381256,0.49180859327316284,0.08572041243314743,0.4686121940612793,0.08724816143512726,0.5011602640151978,0.08691586554050446,0.5253159999847412
A,0.07000429928302765,0.6056889295578003,0.11177998036146164,0.6054988503456116,0.15636062622070312,0.5661401748657227,0.1766059398651123,0.5091017484664917,0.1884191632270813,0.46499544382095337,0.1575169712305069,0.5115247368812561,0.16361169517040253,0.47060418128967285,0.1440649777650833,0.5014784336090088,0.13428714871406555,0.5327156782150269,0.13045524060726166,0.500237226486206,0.13223940134048462,0.457663357257843,0.11544648557901382,0.5046811103820801,0.1108093112707138,0.5404825806617737,0.10608771443367004,0.4945956766605377,0.10305043309926987,0.4608726501464844,0.09135580062866211,0.5101503729820251,0.0905291885137558,0.5432230830192566,0.08226693421602249,0.4928026497364044,0.08197816461324692,0.46637970209121704,0.07341103255748749,0.50253826379776,0.07383038103580475,0.5295600295066833
A,0.07951001822948456,0.6187862753868103,0.12474189698696136,0.6126431226730347,0.16769008338451385,0.5708165764808655,0.18550115823745728,0.5152482986450195,0.20004844665527344,0.4723927974700928,0.1656021922826767,0.5182220339775085,0.17276963591575623,0.4764688014984131,0.15524253249168396,0.5096747279167175,0.14515233039855957,0.540616512298584,0.13732211291790009,0.5083520412445068,0.14083032310009003,0.46766939759254456,0.1264830380678177,0.5165150761604309,0.12324724346399307,0.5486825704574585,0.10991601645946503,0.5047857165336609,0.11186757683753967,0.47108253836631775,0.10168047249317169,0.5224230885505676,0.1003325879573822,0.5520278215408325,0.08161982148885727,0.505893349647522,0.08695676177740097,0.47890400886535645,0.08142347633838654,0.5163753628730774,0.08066290616989136,0.5403409004211426
A,0.2205289900302887,0.6071277260780334,0.2815244197845459,0.6040083169937134,0.3388403654098511,0.5454932451248169,0.36752867698669434,0.47276532649993896,0.39004892110824585,0.41767337918281555,0.3310820460319519,0.4738217294216156,0.35171493887901306,0.41702648997306824,0.32943055033683777,0.4648427665233612,0.3132306933403015,0.5045738220214844,0.2977200746536255,0.4616340398788452,0.3149489760398865,0.4076390564441681,0.29313570261001587,0.4742863178253174,0.2817690074443817,0.5171585083007812,0.26269179582595825,0.4556574821472168,0.27720901370048523,0.4064714312553406,0.2599383592605591,0.4813959002494812,0.2521892786026001,0.5260390639305115,0.224300816655159,0.45382365584373474,0.24000388383865356,0.4149986207485199,0.23132696747779846,0.4704603850841522,0.2258489429950714,0.5074349045753479
A,0.2706643342971802,0.5794295072555542,0.34223225712776184,0.570698082447052,0.4057016372680664,0.4999098479747772,0.43949490785598755,0.41374972462654114,0.46426501870155334,0.3458130359649658,0.39173901081085205,0.4139062166213989,0.4185466170310974,0.34516778588294983,0.3983033001422882,0.40672698616981506,0.3799821436405182,0.4559415578842163,0.3534501791000366,0.4019218385219574,0.37672173976898193,0.3370336890220642,0.3556995093822479,0.4197273552417755,0.34158551692962646,0.47028326988220215,0.31222838163375854,0.3974803686141968,0.33084970712661743,0.3402555584907532,0.31625059247016907,0.43221452832221985,0.30785271525382996,0.48448774218559265,0.26639410853385925,0.39846670627593994,0.2848548889160156,0.3520250618457794,0.28246772289276123,0.4186844229698181,0.27969756722450256,0.4626777768135071
A,0.49831920862197876,0.510772168636322,0.5680013298988342,0.49807414412498474,0.6262242197990417,0.44098854064941406,0.6635872721672058,0.374685138463974,0.689821720123291,0.31279149651527405,0.6098254323005676,0.36074957251548767,0.6418007016181946,0.31079787015914917,0.6267701387405396,0.3623312711715698,0.605401337146759,0.4072333574295044,0.5795559287071228,0.3471717834472656,0.6123219132423401,0.29602840542793274,0.5924951434135437,0.36248326301574707,0.5714424252510071,0.4114171862602234,0.5433611273765564,0.3398984670639038,0.5772553086280823,0.2939557433128357,0.5606244802474976,0.3677230477333069,0.5425978302955627,0.4192679226398468,0.5016403794288635,0.3376537263393402,0.5354711413383484,0.30488550662994385,0.5310346484184265,0.3598959743976593,0.5188242197036743,0.40266531705856323
A,0.29606592655181885,0.50738525390625,0.3591025173664093,0.4967374801635742,0.41721493005752563,0.4328248202800751,0.44653627276420593,0.3586251735687256,0.4665249288082123,0.29727059602737427,0.4080497920513153,0.35589221119880676,0.4256742596626282,0.3018273711204529,0.4071154296398163,0.3484911620616913,0.39183691143989563,0.3941059410572052,0.3715277910232544,0.34463319182395935,0.3855045735836029,0.29092663526535034,0.3675691783428192,0.3567887246608734,0.3558023273944855,0.4085769057273865,0.3321099579334259,0.34200748801231384,0.343364953994751,0.29372987151145935,0.3318106234073639,0.3685453236103058,0.325237512588501,0.42125266790390015,0.28939294815063477,0.3452030420303345,0.30353933572769165,0.309638649225235,0.30140236020088196,0.3641248345375061,0.2987983822822571,0.4046606421470642
A,0.23993568122386932,0.5703400373458862,0.2965761423110962,0.5627045035362244,0.3440324664115906,0.5136808156967163,0.36616379022598267,0.45036718249320984,0.3818228244781494,0.39962273836135864,0.33061710000038147,0.45828190445899963,0.348778635263443,0.40747982263565063,0.33360251784324646,0.43706586956977844,0.32019516825675964,0.4716680943965912,0.30079084634780884,0.44610002636909485,0.317677766084671,0.393983393907547,0.3009271025657654,0.44483375549316406,0.2899731397628784,0.48805105686187744,0.2692597806453705,0.43998008966445923,0.28269848227500916,0.3932695686817169,0.26951277256011963,0.45387399196624756,0.26209771633148193,0.4968622624874115,0.23438745737075806,0.4383256733417511,0.24897855520248413,0.40257155895233154,0.24465027451515198,0.4467233717441559,0.2410060614347458,0.48034849762916565
A,0.2223922163248062,0.6703333854675293,0.29106032848358154,0.6550146341323853,0.3530706763267517,0.5836570262908936,0.3813646733760834,0.5026196241378784,0.4037681818008423,0.43965739011764526,0.3380748927593231,0.5021125078201294,0.36177828907966614,0.43644392490386963,0.3420701324939728,0.4992818534374237,0.32478684186935425,0.5462839007377625,0.3001783788204193,0.4928396940231323,0.32114359736442566,0.4328659772872925,0.3015042543411255,0.5133553147315979,0.2882922291755676,0.5615164041519165,0.25991448760032654,0.49030381441116333,0.27875959873199463,0.4359098970890045,0.26417770981788635,0.5236496329307556,0.2554771304130554,0.5737072825431824,0.21505892276763916,0.49260932207107544,0.23693804442882538,0.4502478241920471,0.2322927564382553,0.5131335854530334,0.2265317440032959,0.5537539720535278
A,0.18969394266605377,0.6395969986915588,0.27211782336235046,0.650322675704956,0.3653400242328644,0.5571635365486145,0.4074344038963318,0.4471226632595062,0.4317764937877655,0.36723989248275757,0.35559767484664917,0.44372275471687317,0.38164231181144714,0.36259934306144714,0.35163605213165283,0.45592615008354187,0.3329029977321625,0.5024688243865967,0.3035336434841156,0.4250374436378479,0.32504159212112427,0.3581836521625519,0.2983282506465912,0.4741114377975464,0.28554025292396545,0.5073046088218689,0.25106629729270935,0.4185164272785187,0.2671898603439331,0.36403483152389526,0.24831970036029816,0.4835885167121887,0.23979374766349792,0.5196172595024109,0.19525203108787537,0.41516202688217163,0.21668696403503418,0.3771328926086426,0.2074728012084961,0.4620800018310547,0.19844281673431396,0.4915301203727722
A,0.17621396481990814,0.6201800107955933,0.2534412443637848,0.6212509870529175,0.33751270174980164,0.5362566113471985,0.3729289770126343,0.43315228819847107,0.39275047183036804,0.3572472333908081,0.32629624009132385,0.43612751364707947,0.3467807471752167,0.36088642477989197,0.3187044560909271,0.44338226318359375,0.3042259216308594,0.4883631765842438,0.2775815725326538,0.42173680663108826,0.29298028349876404,0.35352474451065063,0.26858001947402954,0.45817503333091736,0.25928884744644165,0.4971376955509186,0.2286558896303177,0.417792946100235,0.23875124752521515,0.36108386516571045,0.22244828939437866,0.472721666097641,0.21766725182533264,0.5160776972770691,0.17678368091583252,0.41603463888168335,0.19101110100746155,0.3774782121181488,0.18388114869594574,0.45662957429885864,0.17939579486846924,0.49066299200057983
A,0.1897273063659668,0.6380143761634827,0.2603591978549957,0.6386456489562988,0.3335258960723877,0.56682288646698,0.3654775619506836,0.4754979610443115,0.3798273503780365,0.4096580445766449,0.3190677762031555,0.47853967547416687,0.34052300453186035,0.4105970859527588,0.3183209002017975,0.4852403402328491,0.3061443567276001,0.5192497372627258,0.27772876620292664,0.4655802845954895,0.29579830169677734,0.4032384157180786,0.2757353186607361,0.49700504541397095,0.2661095857620239,0.526141345500946,0.23659184575080872,0.46022793650627136,0.2495078146457672,0.408529132604599,0.2352873980998993,0.5062815546989441,0.22822892665863037,0.5392999649047852,0.19087812304496765,0.45619070529937744,0.20592409372329712,0.4174620807170868,0.2013387829065323,0.4876585006713867,0.19588565826416016,0.5175004005432129
A,0.2189684808254242,0.6636867523193359,0.2758590281009674,0.6611741781234741,0.33207499980926514,0.6024321913719177,0.35304561257362366,0.5288787484169006,0.3618898093700409,0.47547635436058044,0.3162228465080261,0.5296184420585632,0.33267998695373535,0.4766063392162323,0.3163352608680725,0.5360115766525269,0.3044358491897583,0.5685687065124512,0.2823214530944824,0.5208598971366882,0.2972058355808258,0.47217628359794617,0.2829737663269043,0.5458448529243469,0.27326032519340515,0.5749676823616028,0.2483946681022644,0.5188988447189331,0.26089075207710266,0.47652530670166016,0.2510274350643158,0.5532793402671814,0.24385622143745422,0.5839518308639526,0.21106821298599243,0.5199657082557678,0.22678422927856445,0.48835211992263794,0.22391869127750397,0.5434339046478271,0.21831589937210083,0.5685737133026123
B,0.17401914298534393,0.6999561190605164,0.21960869431495667,0.683948814868927,0.2540265619754791,0.6310089230537415,0.24262776970863342,0.5730265378952026,0.2140657901763916,0.5458744764328003,0.27375075221061707,0.5531372427940369,0.2914860248565674,0.4865289330482483,0.2987135648727417,0.44410330057144165,0.3039030134677887,0.4056825637817383,0.24870017170906067,0.5326730608940125,0.26815080642700195,0.4597671627998352,0.27972063422203064,0.41220802068710327,0.2888336777687073,0.3723589777946472,0.22174657881259918,0.5299193859100342,0.23985795676708221,0.4600760340690613,0.25312429666519165,0.4178100824356079,0.26294440031051636,0.3823515772819519,0.19144971668720245,0.5387218594551086,0.20585383474826813,0.48574668169021606,0.21816407144069672,0.4527507722377777,0.22927141189575195,0.4238440692424774
B,0.20555895566940308,0.6632683873176575,0.25984618067741394,0.6481360793113708,0.302751362323761,0.5901873111724854,0.28356677293777466,0.5226039886474609,0.25077658891677856,0.49275967478752136,0.3299008309841156,0.5016972422599792,0.3548891842365265,0.42326951026916504,0.36678823828697205,0.3727293610572815,0.37574663758277893,0.3267327845096588,0.3005003333091736,0.47643882036209106,0.3285857141017914,0.3931223750114441,0.3451264798641205,0.3352835178375244,0.3592553734779358,0.28546473383903503,0.2674304246902466,0.47140932083129883,0.2946239411830902,0.38965538144111633,0.31290510296821594,0.33861976861953735,0.3288111686706543,0.2952861785888672,0.2287912219762802,0.47874128818511963,0.2497144639492035,0.4170927107334137,0.2664332687854767,0.3797864019870758,0.283296674489975,0.34631234407424927
B,0.11553921550512314,0.6352424025535583,0.15987834334373474,0.5936524868011475,0.17815697193145752,0.5228244066238403,0.14766503870487213,0.46778303384780884,0.10963372886180878,0.45785021781921387,0.19334211945533752,0.4445594847202301,0.19885005056858063,0.3661026954650879,0.1965455412864685,0.31666815280914307,0.19304755330085754,0.2712177336215973,0.16183015704154968,0.43202465772628784,0.16772550344467163,0.34817472100257874,0.16803404688835144,0.29075056314468384,0.16825008392333984,0.24036625027656555,0.13127662241458893,0.4375860095024109,0.13544216752052307,0.35727977752685547,0.1408543884754181,0.30517953634262085,0.14450472593307495,0.263241708278656,0.10055705904960632,0.45611515641212463,0.10266304016113281,0.393444687128067,0.10722272843122482,0.35307422280311584,0.1125442236661911,0.31944966316223145
B,0.31342315673828125,0.5865639448165894,0.367110013961792,0.5491784811019897,0.3961012363433838,0.4806232154369354,0.3677188456058502,0.4206392168998718,0.3273147940635681,0.4097675085067749,0.40877869725227356,0.4103339612483978,0.4240856468677521,0.3366091847419739,0.428653746843338,0.28889644145965576,0.4318513870239258,0.24495559930801392,0.37884584069252014,0.3914964497089386,0.3950510025024414,0.3088594377040863,0.4036988317966461,0.25195440649986267,0.41152268648147583,0.2022903710603714,0.348751962184906,0.3913327753543854,0.3636414110660553,0.3101581931114197,0.37490418553352356,0.25942155718803406,0.383675754070282,0.21732762455940247,0.3161683976650238,0.4045737683773041,0.3254341781139374,0.34289395809173584,0.3353516757488251,0.30336087942123413,0.3445798456668854,0.26924270391464233
B,0.5806490778923035,0.5494018197059631,0.6307759284973145,0.5261858701705933,0.6675441861152649,0.46246373653411865,0.6535370349884033,0.4003901481628418,0.6209413409233093,0.376830130815506,0.6776520013809204,0.3764372169971466,0.6956941485404968,0.3037277162075043,0.7039005756378174,0.2557830214500427,0.7098327875137329,0.2125857174396515,0.6538164019584656,0.35682281851768494,0.6732765436172485,0.2749636173248291,0.6857200264930725,0.21766388416290283,0.6955677270889282,0.16897790133953094,0.6276501417160034,0.356738418340683,0.6455064415931702,0.2756554186344147,0.6583730578422546,0.2235967367887497,0.6677408814430237,0.17900097370147705,0.5979332327842712,0.3697505295276642,0.6115641593933105,0.31113603711128235,0.6223360300064087,0.27090227603912354,0.6310903429985046,0.23402544856071472
B,0.5296361446380615,0.5122039318084717,0.5761504173278809,0.49465063214302063,0.6012776494026184,0.4281354546546936,0.5904101729393005,0.37374046444892883,0.5651644468307495,0.3604501485824585,0.5942721962928772,0.37184154987335205,0.609132707118988,0.3119010925292969,0.6170368790626526,0.2726525366306305,0.6221482753753662,0.24047479033470154,0.577277421951294,0.35690730810165405,0.593583881855011,0.284355103969574,0.6056646108627319,0.23580458760261536,0.6144720911979675,0.19776096940040588,0.5588385462760925,0.3541743755340576,0.5725787878036499,0.28199440240859985,0.5846138596534729,0.2357616275548935,0.59253990650177,0.1994955688714981,0.5381575226783752,0.3586820960044861,0.5491061210632324,0.3049095571041107,0.5583579540252686,0.27021485567092896,0.5660289525985718,0.24070212244987488
B,0.28934770822525024,0.5012913346290588,0.33271366357803345,0.49508363008499146,0.36691713333129883,0.4475727677345276,0.35871925950050354,0.38652634620666504,0.3344995677471161,0.3491024971008301,0.4096626341342926,0.38078176975250244,0.4398943781852722,0.3145214915275574,0.45556241273880005,0.27148208022117615,0.4688244163990021,0.2323014885187149,0.3877570331096649,0.3513389825820923,0.42228808999061584,0.28026336431503296,0.44251513481140137,0.23226195573806763,0.46091949939727783,0.1915930062532425,0.36193183064460754,0.33881452679634094,0.3941757380962372,0.27138546109199524,0.4154709279537201,0.22866731882095337,0.434276282787323,0.19347797334194183,0.33190807700157166,0.338677316904068,0.3538409173488617,0.2894435524940491,0.36978042125701904,0.2584224343299866,0.3855222165584564,0.2325906604528427
B,0.20946821570396423,0.7762114405632019,0.25715354084968567,0.7379068732261658,0.27953144907951355,0.6665757298469543,0.2447293996810913,0.610177218914032,0.20706316828727722,0.5926193594932556,0.29029199481010437,0.5804552435874939,0.30046379566192627,0.49857616424560547,0.30217069387435913,0.44796353578567505,0.3016801178455353,0.4013543725013733,0.2579079568386078,0.5663790106773376,0.2684344947338104,0.47876834869384766,0.27262240648269653,0.4199982285499573,0.2760712206363678,0.36876019835472107,0.22696702182292938,0.5724660754203796,0.23591676354408264,0.48864489793777466,0.24441634118556976,0.434334397315979,0.2512286305427551,0.3883916139602661,0.19395267963409424,0.5919911861419678,0.19863566756248474,0.5281899571418762,0.20571836829185486,0.48637160658836365,0.21335698664188385,0.4497770667076111
B,0.20150968432426453,0.8125094175338745,0.24761220812797546,0.7835381031036377,0.2742578983306885,0.7204126119613647,0.24896548688411713,0.6660693883895874,0.2164519727230072,0.6402173042297363,0.28853702545166016,0.6314363479614258,0.3012717366218567,0.5509822964668274,0.3050483465194702,0.5010241270065308,0.30665886402130127,0.45572739839553833,0.25782617926597595,0.6148741245269775,0.27261433005332947,0.5281369686126709,0.2795794904232025,0.4709101915359497,0.28521299362182617,0.421903133392334,0.22740668058395386,0.6175152659416199,0.24018068611621857,0.5350235104560852,0.24989856779575348,0.4833179712295532,0.25740954279899597,0.44017595052719116,0.19505387544631958,0.6333670616149902,0.20515930652618408,0.5715974569320679,0.21403464674949646,0.5323277115821838,0.22228041291236877,0.49822700023651123
B,0.27025189995765686,0.8622713088989258,0.31701216101646423,0.8420186042785645,0.3510514497756958,0.7892189621925354,0.3333602249622345,0.7338336110115051,0.301139771938324,0.7067359685897827,0.36644089221954346,0.697873055934906,0.3833986818790436,0.6238346099853516,0.39016908407211304,0.5758112668991089,0.394643098115921,0.5327939391136169,0.33773747086524963,0.6784957647323608,0.35729724168777466,0.597847044467926,0.3685351312160492,0.5453321933746338,0.378145694732666,0.5010362863540649,0.3083687126636505,0.6792240142822266,0.3269580602645874,0.599667489528656,0.33969664573669434,0.5502234697341919,0.3504643142223358,0.5086140632629395,0.27650126814842224,0.6938462257385254,0.2889777719974518,0.6352092623710632,0.2995091676712036,0.5972734689712524,0.30996719002723694,0.5637122392654419
B,0.19333526492118835,0.8730563521385193,0.24321229755878448,0.8376757502555847,0.26937928795814514,0.7727829217910767,0.23884515464305878,0.71868896484375,0.20079834759235382,0.7067204713821411,0.28182679414749146,0.6838294863700867,0.2961001396179199,0.6066710948944092,0.3015294373035431,0.5577211380004883,0.3047204613685608,0.5130034685134888,0.2507149279117584,0.6680419445037842,0.26584261655807495,0.5834975838661194,0.2741965353488922,0.5268934965133667,0.2811790704727173,0.4781356453895569,0.2201923131942749,0.6721450090408325,0.2336517572402954,0.5894705653190613,0.24400417506694794,0.5377116799354553,0.2522801458835602,0.49467700719833374,0.18740341067314148,0.6906660199165344,0.19718313217163086,0.6298478245735168,0.20641280710697174,0.5891856551170349,0.2150890827178955,0.5542461276054382
B,0.1733247935771942,0.8662073016166687,0.2205243706703186,0.8337484002113342,0.24890044331550598,0.766554594039917,0.2187914252281189,0.7094589471817017,0.18122133612632751,0.6905673146247864,0.26135990023612976,0.6737940311431885,0.27315372228622437,0.5925998687744141,0.2749772071838379,0.540806770324707,0.2749664783477783,0.49260658025741577,0.230119526386261,0.6568800806999207,0.24339239299297333,0.5692192912101746,0.24933376908302307,0.5109886527061462,0.2542346715927124,0.4598839282989502,0.19934745132923126,0.6605525612831116,0.2109643518924713,0.5764393210411072,0.22015990316867828,0.5234969854354858,0.22729435563087463,0.47813016176223755,0.16683794558048248,0.6784862279891968,0.17412014305591583,0.6156525611877441,0.18147723376750946,0.5742950439453125,0.1885940581560135,0.5370123982429504
B,0.15247978270053864,0.822368860244751,0.19686351716518402,0.7919732332229614,0.22000610828399658,0.7321034073829651,0.19536061584949493,0.6797899603843689,0.16333609819412231,0.6614869236946106,0.23691311478614807,0.6528649926185608,0.24777518212795258,0.5821854472160339,0.25041666626930237,0.5381645560264587,0.2517402172088623,0.496995210647583,0.20864605903625488,0.6376839876174927,0.22032420337200165,0.5623279809951782,0.22658103704452515,0.5123427510261536,0.23272277414798737,0.4674737751483917,0.18048010766506195,0.6402865648269653,0.19179575145244598,0.5679630041122437,0.20107397437095642,0.5227599143981934,0.20865418016910553,0.4841318428516388,0.15060555934906006,0.6546486020088196,0.15855181217193604,0.5983295440673828,0.16734039783477783,0.5628896355628967,0.1763814091682434,0.531619131565094
B,0.09828833490610123,0.8111295700073242,0.14110328257083893,0.7822514772415161,0.16283643245697021,0.7242020964622498,0.13650259375572205,0.6711967587471008,0.10456772893667221,0.6495373845100403,0.1872686743736267,0.6417517066001892,0.20083406567573547,0.5689033269882202,0.20492033660411835,0.5216655135154724,0.20658360421657562,0.47803694009780884,0.15959854423999786,0.6243209838867188,0.17563311755657196,0.5479635000228882,0.1831512153148651,0.4953482747077942,0.1893286406993866,0.44933634996414185,0.13119374215602875,0.6248290538787842,0.14615462720394135,0.5499632358551025,0.1565501093864441,0.5018104314804077,0.165272518992424,0.4617207646369934,0.10080721229314804,0.6381017565727234,0.11121654510498047,0.5803985595703125,0.12024073302745819,0.5430248975753784,0.12971505522727966,0.5108674764633179
B,0.34587594866752625,0.6658097505569458,0.38780447840690613,0.6547144055366516,0.4201336205005646,0.6088346838951111,0.40459147095680237,0.5538274645805359,0.3785272240638733,0.5266246795654297,0.44508472084999084,0.5330328345298767,0.46860671043395996,0.4719091057777405,0.47947368025779724,0.43107661604881287,0.48781585693359375,0.39314162731170654,0.422928124666214,0.5123315453529358,0.4493176341056824,0.44584202766418457,0.4641188085079193,0.39954596757888794,0.4764934480190277,0.35924679040908813,0.3982304632663727,0.5080451965332031,0.42183536291122437,0.4429519772529602,0.43761715292930603,0.4012414813041687,0.45047616958618164,0.36596277356147766,0.3697909116744995,0.5144834518432617,0.3866525888442993,0.46591290831565857,0.39952942728996277,0.43461886048316956,0.41156357526779175,0.40666401386260986
B,0.21762582659721375,0.6440677046775818,0.26005682349205017,0.6185585260391235,0.2805420756340027,0.5649246573448181,0.2601354420185089,0.5155941843986511,0.23303912580013275,0.48790961503982544,0.30328378081321716,0.48302432894706726,0.31656578183174133,0.4104663133621216,0.32170355319976807,0.3640808165073395,0.32446423172950745,0.3222386837005615,0.2756425440311432,0.4654949903488159,0.2899240255355835,0.38803356885910034,0.2972393035888672,0.33459246158599854,0.3035663962364197,0.28845226764678955,0.24762652814388275,0.4652867317199707,0.2629700303077698,0.39141517877578735,0.27345988154411316,0.34515246748924255,0.28211674094200134,0.30676037073135376,0.21739144623279572,0.4771958589553833,0.2280864715576172,0.4223974347114563,0.2375042587518692,0.38560545444488525,0.2473447173833847,0.3544842600822449
B,0.2137647569179535,0.5468167066574097,0.25706273317337036,0.5192824602127075,0.27669185400009155,0.4583107531070709,0.2563016712665558,0.4024322032928467,0.22628577053546906,0.3814753592014313,0.3006855845451355,0.3809550404548645,0.31335535645484924,0.3097749948501587,0.31707069277763367,0.2642083168029785,0.31880778074264526,0.22257769107818604,0.2744581997394562,0.36435842514038086,0.28848275542259216,0.28844112157821655,0.2944898307323456,0.2364082634449005,0.3002280294895172,0.19159647822380066,0.24701358377933502,0.36503052711486816,0.2609180212020874,0.29305481910705566,0.27042677998542786,0.2463608682155609,0.2783893048763275,0.20883366465568542,0.21855872869491577,0.37805843353271484,0.22880326211452484,0.32480642199516296,0.23662227392196655,0.2885529398918152,0.24460330605506897,0.2583087682723999
B,0.4947966933250427,0.4825310707092285,0.5436901450157166,0.46561533212661743,0.5766521692276001,0.4053778052330017,0.5548009872436523,0.34219759702682495,0.5196473002433777,0.3205188810825348,0.6016651391983032,0.32343655824661255,0.6240689158439636,0.250266969203949,0.6337636709213257,0.2016649842262268,0.6407768726348877,0.15696018934249878,0.5748841762542725,0.3019491732120514,0.5987728834152222,0.2210787534713745,0.6128190159797668,0.16583243012428284,0.6253926157951355,0.11743669211864471,0.5457738041877747,0.3001421093940735,0.567655622959137,0.2228357493877411,0.5843977332115173,0.1729923039674759,0.5981763601303101,0.13080723583698273,0.5139468312263489,0.31084123253822327,0.5295764207839966,0.25322821736335754,0.5421038866043091,0.21416041254997253,0.5538236498832703,0.1789785772562027
B,0.5007534623146057,0.4868518114089966,0.5499890446662903,0.48611170053482056,0.5922814011573792,0.4413043260574341,0.5836555361747742,0.3725663721561432,0.5544381737709045,0.33628517389297485,0.6360585689544678,0.37402456998825073,0.6720672249794006,0.3094649910926819,0.690831184387207,0.2651616930961609,0.7063955664634705,0.2235802859067917,0.6143223643302917,0.3438028395175934,0.6535336375236511,0.27415722608566284,0.6778480410575867,0.22455355525016785,0.6986837387084961,0.18113742768764496,0.5865083336830139,0.33062106370925903,0.6223008036613464,0.2639618217945099,0.6474505066871643,0.22164802253246307,0.6678142547607422,0.1856393814086914,0.5535815358161926,0.32801389694213867,0.5801404714584351,0.2778424620628357,0.599894642829895,0.24559389054775238,0.6179689764976501,0.21753434836864471
B,0.5118997693061829,0.4815431535243988,0.5612145066261292,0.4927191734313965,0.6075987219810486,0.4618772268295288,0.6083780527114868,0.39285242557525635,0.5855585336685181,0.3499070107936859,0.6587339639663696,0.40900474786758423,0.7034958600997925,0.355488657951355,0.7279354333877563,0.31613367795944214,0.7488292455673218,0.27870914340019226,0.6417455077171326,0.3740076422691345,0.6914458274841309,0.3170216679573059,0.7225118279457092,0.27375343441963196,0.7486395835876465,0.23537395894527435,0.6173847317695618,0.3533759117126465,0.6621649861335754,0.29936712980270386,0.6930754780769348,0.26518353819847107,0.718163013458252,0.2356342077255249,0.5864232182502747,0.3414027988910675,0.6196585893630981,0.300466388463974,0.6438787579536438,0.2752193510532379,0.6660670042037964,0.25357896089553833
C,0.06032302975654602,0.7219892740249634,0.11630752682685852,0.7259098887443542,0.172044575214386,0.7101570963859558,0.21466095745563507,0.7094405293464661,0.2537621259689331,0.7068560123443604,0.1879730075597763,0.5818301439285278,0.2227785885334015,0.5164312124252319,0.251510888338089,0.4992620348930359,0.27950143814086914,0.49733036756515503,0.16933108866214752,0.5704938769340515,0.2060549110174179,0.4962649941444397,0.2412451058626175,0.4824141263961792,0.27295181155204773,0.489119291305542,0.14670082926750183,0.5703989267349243,0.1833478957414627,0.5027657747268677,0.21974530816078186,0.48873600363731384,0.2525656819343567,0.49421364068984985,0.12223808467388153,0.5808265209197998,0.1564495712518692,0.5297040343284607,0.18648919463157654,0.5116512179374695,0.2131686508655548,0.5091036558151245
C,0.09513147920370102,0.6776909828186035,0.15327882766723633,0.6729377508163452,0.1960395723581314,0.6552171111106873,0.23010800778865814,0.653307318687439,0.2630681097507477,0.6539516448974609,0.18907569348812103,0.5432822704315186,0.22237490117549896,0.4932705760002136,0.25469139218330383,0.4880240857601166,0.2814125418663025,0.49623966217041016,0.18024888634681702,0.536500096321106,0.22099879384040833,0.4729893207550049,0.2591189444065094,0.4727325141429901,0.2849240303039551,0.49353450536727905,0.17224781215190887,0.5397060513496399,0.213103249669075,0.47869181632995605,0.25236138701438904,0.47847434878349304,0.2802700400352478,0.49741730093955994,0.16730614006519318,0.5533695816993713,0.2007928490638733,0.5091909170150757,0.23056243360042572,0.49803441762924194,0.2548818588256836,0.5020763278007507
C,0.1085912436246872,0.6804822683334351,0.16449443995952606,0.684946596622467,0.21034519374370575,0.6781244874000549,0.24385398626327515,0.6853601932525635,0.2770189940929413,0.6919018626213074,0.22495467960834503,0.5629961490631104,0.25437307357788086,0.4952777028083801,0.2836725413799286,0.48851656913757324,0.30858176946640015,0.49750107526779175,0.21020735800266266,0.5557878017425537,0.24622121453285217,0.4796004295349121,0.2816382646560669,0.47966188192367554,0.30625712871551514,0.49930572509765625,0.19257700443267822,0.556576132774353,0.2298426479101181,0.48908793926239014,0.26521503925323486,0.49020320177078247,0.29061776399612427,0.5084609985351562,0.1740882247686386,0.5682440400123596,0.20555713772773743,0.5248550772666931,0.23720712959766388,0.510887861251831,0.2638545036315918,0.5090835094451904
C,0.09999485313892365,0.7027798891067505,0.15839163959026337,0.6921759247779846,0.1995925009250641,0.6732441186904907,0.2324552983045578,0.6707154512405396,0.264880508184433,0.6707115173339844,0.19082880020141602,0.5621271133422852,0.21751882135868073,0.5061821937561035,0.24669679999351501,0.49723970890045166,0.27215439081192017,0.5031402111053467,0.18185795843601227,0.5569841861724854,0.21595913171768188,0.4889857769012451,0.25147730112075806,0.48402297496795654,0.27631282806396484,0.5017138719558716,0.17394283413887024,0.5600161552429199,0.21056485176086426,0.49664610624313354,0.24665507674217224,0.492495059967041,0.27285996079444885,0.5078875422477722,0.16951951384544373,0.5735146403312683,0.2000691443681717,0.5280966758728027,0.227320596575737,0.5116468667984009,0.25012874603271484,0.5097455978393555
C,0.20620299875736237,0.4789057970046997,0.2645722031593323,0.49556681513786316,0.31334027647972107,0.49273520708084106,0.35220465064048767,0.5020788908004761,0.3916345238685608,0.5034341216087341,0.3335828483104706,0.36633482575416565,0.37079960107803345,0.31499627232551575,0.40012621879577637,0.3030763566493988,0.4262298345565796,0.3067581057548523,0.3202679753303528,0.3509952425956726,0.35969239473342896,0.2846171259880066,0.39675289392471313,0.27738887071609497,0.42380595207214355,0.2973882853984833,0.30448487401008606,0.3447909951210022,0.34297987818717957,0.2803487181663513,0.38074231147766113,0.2770047187805176,0.40913817286491394,0.29689690470695496,0.2892606556415558,0.3517661392688751,0.32600483298301697,0.3079356849193573,0.3577231466770172,0.2956003248691559,0.3832724392414093,0.30052614212036133
C,0.20105934143066406,0.48187586665153503,0.2689124345779419,0.48056432604789734,0.30710840225219727,0.4683951735496521,0.34084758162498474,0.4707567095756531,0.3774833381175995,0.4693904519081116,0.3009324371814728,0.349165141582489,0.33264219760894775,0.2931024432182312,0.36411231756210327,0.2848412096500397,0.3892863988876343,0.29195231199264526,0.29260650277137756,0.3406197726726532,0.3322679400444031,0.27257171273231506,0.37108543515205383,0.2711809277534485,0.3947371244430542,0.29575270414352417,0.28753095865249634,0.34239694476127625,0.32549697160720825,0.2747455835342407,0.3655780851840973,0.27671778202056885,0.3915020525455475,0.2991538643836975,0.2880714535713196,0.35749679803848267,0.3209694027900696,0.3044787347316742,0.3509417772293091,0.29343706369400024,0.3747020959854126,0.29892462491989136
C,0.1651545763015747,0.7011246681213379,0.21839019656181335,0.6992438435554504,0.2578652501106262,0.6914193630218506,0.2883458435535431,0.6999044418334961,0.32092219591140747,0.7024654150009155,0.26532748341560364,0.5778107047080994,0.29221242666244507,0.5114838480949402,0.3231835663318634,0.5024540424346924,0.3488389551639557,0.5108320713043213,0.2513374984264374,0.5747036933898926,0.28230294585227966,0.49821242690086365,0.31900566816329956,0.4957258701324463,0.3445811867713928,0.5148175358772278,0.2326892465353012,0.5844088792800903,0.2632463872432709,0.5155742168426514,0.2992161810398102,0.5144076943397522,0.3252658545970917,0.5300246477127075,0.2133292257785797,0.6088507771492004,0.23244743049144745,0.5707679986953735,0.25668346881866455,0.5567587614059448,0.27558672428131104,0.5532786846160889
C,0.29840439558029175,0.3899063467979431,0.35588017106056213,0.400228351354599,0.3947749137878418,0.39769357442855835,0.42521849274635315,0.4079561233520508,0.4575158953666687,0.41072821617126465,0.4108838438987732,0.27947622537612915,0.4424634277820587,0.22399389743804932,0.47220882773399353,0.22639766335487366,0.4930444359779358,0.24527627229690552,0.4013136327266693,0.2728402614593506,0.4389075040817261,0.20695623755455017,0.47516930103302,0.214486762881279,0.4939090609550476,0.24470163881778717,0.3900566101074219,0.27450838685035706,0.4268949627876282,0.21392811834812164,0.46264737844467163,0.2223089039325714,0.48362869024276733,0.2487878054380417,0.37926244735717773,0.2887948453426361,0.4096658229827881,0.24822981655597687,0.4386208653450012,0.24012112617492676,0.46017181873321533,0.24570487439632416
C,0.37986281514167786,0.3980923295021057,0.4342208206653595,0.40060046315193176,0.46814262866973877,0.3898231089115143,0.4984912872314453,0.39121004939079285,0.5298495888710022,0.3896869122982025,0.45928072929382324,0.2738978862762451,0.4911208152770996,0.22530381381511688,0.5240713953971863,0.21852557361125946,0.5487451553344727,0.22651124000549316,0.45311564207077026,0.26491713523864746,0.4895508885383606,0.20004256069660187,0.5280888676643372,0.1984986662864685,0.5514224171638489,0.22172629833221436,0.4501575231552124,0.2664552927017212,0.4849218726158142,0.1993638575077057,0.5232350826263428,0.2000735104084015,0.5470907688140869,0.2213151603937149,0.4538172483444214,0.2792709171772003,0.485146701335907,0.22713282704353333,0.5144553780555725,0.21939441561698914,0.5360476970672607,0.22792686522006989
C,0.12355558574199677,0.6521301865577698,0.17527315020561218,0.6461836695671082,0.21409952640533447,0.6329630017280579,0.24537451565265656,0.6345546245574951,0.2780277729034424,0.639436662197113,0.2148761749267578,0.5368269085884094,0.23832394182682037,0.4781726598739624,0.26553618907928467,0.47093886137008667,0.28883975744247437,0.47803980112075806,0.20353645086288452,0.5325654745101929,0.2329116314649582,0.46409058570861816,0.26634711027145386,0.4629819989204407,0.28949812054634094,0.4812537133693695,0.19047561287879944,0.5363599061965942,0.2215520292520523,0.4759135842323303,0.2550885081291199,0.4756168723106384,0.27902951836586,0.49155765771865845,0.17840924859046936,0.5501852035522461,0.20408415794372559,0.5100202560424805,0.23144805431365967,0.4987443685531616,0.2542945444583893,0.4988444745540619
C,0.11218620836734772,0.7726281881332397,0.16328933835029602,0.7658407092094421,0.19958852231502533,0.7571929693222046,0.22687380015850067,0.7627938389778137,0.2551061809062958,0.7702286243438721,0.19907240569591522,0.6653357148170471,0.21740390360355377,0.6073836088180542,0.24403418600559235,0.5949580669403076,0.2701667845249176,0.5987815856933594,0.18781538307666779,0.6648399233818054,0.21071036159992218,0.5951929092407227,0.2431005984544754,0.5892426371574402,0.2693829834461212,0.6040809750556946,0.17428496479988098,0.6727016568183899,0.19615086913108826,0.6138828992843628,0.22588804364204407,0.607922375202179,0.24925467371940613,0.6182990074157715,0.16210290789604187,0.6905031800270081,0.18160828948020935,0.6493799090385437,0.20423610508441925,0.6339918971061707,0.22406035661697388,0.6290884017944336
C,0.2165514975786209,0.39559051394462585,0.26237571239471436,0.4025173783302307,0.30077284574508667,0.3931185007095337,0.3329053819179535,0.3930671513080597,0.3640727996826172,0.38675522804260254,0.3080483675003052,0.2875462770462036,0.33365124464035034,0.24214527010917664,0.35746490955352783,0.22779211401939392,0.37961792945861816,0.2255541980266571,0.2982986867427826,0.27369096875190735,0.32481876015663147,0.21581220626831055,0.3551758825778961,0.20195849239826202,0.3778032064437866,0.2110055685043335,0.2853981852531433,0.26803308725357056,0.3078773319721222,0.20846764743328094,0.33748945593833923,0.19826826453208923,0.3609638214111328,0.20890969038009644,0.27246055006980896,0.27074360847473145,0.29225948452949524,0.22592857480049133,0.3160155117511749,0.21249786019325256,0.3378709852695465,0.21500711143016815
C,0.1665067970752716,0.45835787057876587,0.22010843455791473,0.4533681273460388,0.25137859582901,0.4452893137931824,0.27893635630607605,0.4496566355228424,0.307748943567276,0.45018085837364197,0.24454790353775024,0.34347695112228394,0.26842549443244934,0.2954902648925781,0.29566794633865356,0.2910289466381073,0.316461980342865,0.3012765347957611,0.23730017244815826,0.3375289738178253,0.2671578526496887,0.27698278427124023,0.30084332823753357,0.27689284086227417,0.32069745659828186,0.29975301027297974,0.23259897530078888,0.34063243865966797,0.2608896791934967,0.2807430028915405,0.2947116494178772,0.28292322158813477,0.31579485535621643,0.3047806918621063,0.233087420463562,0.35387909412384033,0.2576732337474823,0.30808305740356445,0.2829733192920685,0.29973137378692627,0.30270710587501526,0.3081619441509247
C,0.17051944136619568,0.4098515212535858,0.21939122676849365,0.4116571843624115,0.2564248740673065,0.4053519368171692,0.2846544682979584,0.4118274450302124,0.3142983615398407,0.4113085865974426,0.26550668478012085,0.29963475465774536,0.28634220361709595,0.24065399169921875,0.3122188448905945,0.2319633960723877,0.33457067608833313,0.23979723453521729,0.2549458146095276,0.29216867685317993,0.27809709310531616,0.22059690952301025,0.311286598443985,0.21834027767181396,0.3319436013698578,0.24283099174499512,0.24154521524906158,0.2917656898498535,0.26387935876846313,0.22709457576274872,0.2953072190284729,0.22931510210037231,0.3163643181324005,0.25305789709091187,0.22827430069446564,0.3000863492488861,0.24715690314769745,0.2523828148841858,0.2719481885433197,0.24141086637973785,0.2918414771556854,0.24802055954933167
C,0.29378995299339294,0.4472653567790985,0.3463974893093109,0.4568808376789093,0.38562798500061035,0.45087116956710815,0.4175092875957489,0.45539313554763794,0.45124465227127075,0.45827093720436096,0.40029376745224,0.33525243401527405,0.42537713050842285,0.2761734426021576,0.45316553115844727,0.2670067250728607,0.47724148631095886,0.2756638824939728,0.3895190358161926,0.3249465823173523,0.41862550377845764,0.2514600157737732,0.45396673679351807,0.24942845106124878,0.4772428870201111,0.27362847328186035,0.3767668604850769,0.32255420088768005,0.40429526567459106,0.25581634044647217,0.4385746121406555,0.2579232454299927,0.46280592679977417,0.28141236305236816,0.36465761065483093,0.3294438123703003,0.38877180218696594,0.2831697165966034,0.4163351356983185,0.27527251839637756,0.4392137825489044,0.2840861678123474
C,0.09926626086235046,0.6414304971694946,0.14774376153945923,0.6283818483352661,0.1836584359407425,0.6155787706375122,0.2110346406698227,0.6150123476982117,0.2392997443675995,0.6142818927764893,0.1751566082239151,0.5216812491416931,0.19021299481391907,0.46580758690834045,0.21381323039531708,0.4546646475791931,0.236514151096344,0.4581495225429535,0.1644936054944992,0.5203221440315247,0.18486851453781128,0.4521699547767639,0.21556328237056732,0.44484657049179077,0.23929232358932495,0.4589426815509796,0.1537793129682541,0.5261239409446716,0.17520348727703094,0.46516647934913635,0.20509175956249237,0.45926687121391296,0.22814486920833588,0.4715312719345093,0.14557614922523499,0.5409634709358215,0.16473430395126343,0.498629629611969,0.18884453177452087,0.4859691262245178,0.20968952775001526,0.4861886203289032
C,0.12739646434783936,0.8199145197868347,0.17782637476921082,0.8127956390380859,0.21340931951999664,0.8028852343559265,0.23953025043010712,0.8122552037239075,0.268329918384552,0.8226127028465271,0.2136186957359314,0.7094694375991821,0.23114199936389923,0.6445835828781128,0.26099905371665955,0.6380974054336548,0.2876797914505005,0.6468487977981567,0.19900885224342346,0.7101267576217651,0.2213727831840515,0.6330522894859314,0.257284551858902,0.6371515989303589,0.28268980979919434,0.6594150066375732,0.18268504738807678,0.7199276089668274,0.20590858161449432,0.6560154557228088,0.24057592451572418,0.6623270511627197,0.2645939588546753,0.6821364164352417,0.16767394542694092,0.7402738332748413,0.18892408907413483,0.6978024840354919,0.21722827851772308,0.6900134682655334,0.24052563309669495,0.6926425695419312
C,0.15794794261455536,0.3865874409675598,0.19936510920524597,0.3843095004558563,0.23330441117286682,0.3709651231765747,0.2610142230987549,0.3680609166622162,0.28887099027633667,0.36073803901672363,0.23754629492759705,0.2715582251548767,0.2547774910926819,0.2206224501132965,0.275269478559494,0.20744067430496216,0.295722097158432,0.20764219760894775,0.22584059834480286,0.26379263401031494,0.24282890558242798,0.20114895701408386,0.26891908049583435,0.19205349683761597,0.29015031456947327,0.2063979208469391,0.2121233344078064,0.26396644115448,0.22692957520484924,0.20422840118408203,0.2522340416908264,0.19738838076591492,0.27372685074806213,0.21210569143295288,0.19936031103134155,0.2719273567199707,0.21362841129302979,0.22689318656921387,0.23403137922286987,0.21137505769729614,0.2532980740070343,0.21295303106307983
C,0.28626057505607605,0.496864378452301,0.33447203040122986,0.5004295706748962,0.37018513679504395,0.4926368296146393,0.4014551341533661,0.49335452914237976,0.43266114592552185,0.48682543635368347,0.37170645594596863,0.3824201226234436,0.39937737584114075,0.3331769108772278,0.4277198314666748,0.3320638835430145,0.4484059810638428,0.3466024398803711,0.3637230694293976,0.3754698634147644,0.3965509235858917,0.3171822726726532,0.42987263202667236,0.32132861018180847,0.4496038258075714,0.346647173166275,0.35659259557724,0.3760821223258972,0.38958123326301575,0.3195803165435791,0.42344290018081665,0.3242564797401428,0.44455069303512573,0.3481358289718628,0.3522893786430359,0.3863218426704407,0.38183432817459106,0.34618985652923584,0.40896347165107727,0.3397926390171051,0.429318904876709,0.34940600395202637
